WasdeNumber,ReportDate,ReportTitle,Attribute,ReliabilityProjection,Commodity,Region,MarketYear,ProjEstFlag,AnnualQuarterFlag,Value,Unit,ReleaseDate,ReleaseTime,ForecastYear,ForecastMonth
481,April 2010,U.S. Cotton Supply and Use,Production,,Cotton,United States,2007/08,,Annual,19.21,Million 480 Pound Bales,2010-04-09,08:30:00.0000000,2010,4
481,April 2010,U.S. Cotton Supply and Use,Production,,Cotton,United States,2008/09,Est.,Annual,12.82,Million 480 Pound Bales,2010-04-09,08:30:00.0000000,2010,4
481,April 2010,U.S. Cotton Supply and Use,Production,,Cotton,United States,2009/10,Proj.,Annual,12.15,Million 480 Pound Bales,2010-04-09,08:30:00.0000000,2010,4
482,May 2010,U.S. Cotton Supply and Use,Production,,Cotton,United States,2008/09,,Annual,12.82,Million 480 Pound Bales,2010-05-11,08:30:00.0000000,2010,5
482,May 2010,U.S. Cotton Supply and Use,Production,,Cotton,United States,2009/10,Est.,Annual,12.19,Million 480 Pound Bales,2010-05-11,08:30:00.0000000,2010,5
482,May 2010,U.S. Cotton Supply and Use,Production,,Cotton,United States,2010/011,Proj.,Annual,16.7,Million 480 Pound Bales,2010-05-11,08:30:00.0000000,2010,5
483,June 2010,U.S. Cotton Supply and Use,Production,,Cotton,United States,2008/09,,Annual,12.82,Million 480 Pound Bales,2010-06-10,08:30:00.0000000,2010,6
483,June 2010,U.S. Cotton Supply and Use,Production,,Cotton,United States,2009/10,Est.,Annual,12.19,Million 480 Pound Bales,2010-06-10,08:30:00.0000000,2010,6
483,June 2010,U.S. Cotton Supply and Use,Production,,Cotton,United States,2010/011,Proj.,Annual,16.7,Million 480 Pound Bales,2010-06-10,08:30:00.0000000,2010,6
484,July 2010,U.S. Cotton Supply and Use,Production,,Cotton,United States,2008/09,,Annual,12.82,Million 480 Pound Bales,2010-07-09,08:30:00.0000000,2010,7
484,July 2010,U.S. Cotton Supply and Use,Production,,Cotton,United States,2009/10,Est.,Annual,12.19,Million 480 Pound Bales,2010-07-09,08:30:00.0000000,2010,7
484,July 2010,U.S. Cotton Supply and Use,Production,,Cotton,United States,2010/011,Proj.,Annual,18.3,Million 480 Pound Bales,2010-07-09,08:30:00.0000000,2010,7
485,August 2010,U.S. Cotton Supply and Use,Production,,Cotton,United States,2008/09,,Annual,12.82,Million 480 Pound Bales,2010-08-12,08:30:00.0000000,2010,8
485,August 2010,U.S. Cotton Supply and Use,Production,,Cotton,United States,2009/10,Est.,Annual,12.19,Million 480 Pound Bales,2010-08-12,08:30:00.0000000,2010,8
485,August 2010,U.S. Cotton Supply and Use,Production,,Cotton,United States,2010/011,Proj.,Annual,18.53,Million 480 Pound Bales,2010-08-12,08:30:00.0000000,2010,8
486,September 2010,U.S. Cotton Supply and Use,Production,,Cotton,United States,2008/09,,Annual,12.82,Million 480 Pound Bales,2010-09-10,08:30:00.0000000,2010,9
486,September 2010,U.S. Cotton Supply and Use,Production,,Cotton,United States,2009/10,Est.,Annual,12.19,Million 480 Pound Bales,2010-09-10,08:30:00.0000000,2010,9
486,September 2010,U.S. Cotton Supply and Use,Production,,Cotton,United States,2010/011,Proj.,Annual,18.84,Million 480 Pound Bales,2010-09-10,08:30:00.0000000,2010,9
487,October 2010,U.S. Cotton Supply and Use,Production,,Cotton,United States,2008/09,,Annual,12.82,Million 480 Pound Bales,2010-10-08,08:30:00.0000000,2010,10
487,October 2010,U.S. Cotton Supply and Use,Production,,Cotton,United States,2009/10,Est.,Annual,12.19,Million 480 Pound Bales,2010-10-08,08:30:00.0000000,2010,10
487,October 2010,U.S. Cotton Supply and Use,Production,,Cotton,United States,2010/011,Proj.,Annual,18.87,Million 480 Pound Bales,2010-10-08,08:30:00.0000000,2010,10
488,November 2010,U.S. Cotton Supply and Use,Production,,Cotton,United States,2008/09,,Annual,12.82,Million 480 Pound Bales,2010-11-09,08:30:00.0000000,2010,11
488,November 2010,U.S. Cotton Supply and Use,Production,,Cotton,United States,2009/10,Est.,Annual,12.19,Million 480 Pound Bales,2010-11-09,08:30:00.0000000,2010,11
488,November 2010,U.S. Cotton Supply and Use,Production,,Cotton,United States,2010/011,Proj.,Annual,18.42,Million 480 Pound Bales,2010-11-09,08:30:00.0000000,2010,11
489,December 2010,U.S. Cotton Supply and Use,Production,,Cotton,United States,2008/09,,Annual,12.82,Million 480 Pound Bales,2010-12-10,08:30:00.0000000,2010,12
489,December 2010,U.S. Cotton Supply and Use,Production,,Cotton,United States,2009/10,Est.,Annual,12.19,Million 480 Pound Bales,2010-12-10,08:30:00.0000000,2010,12
489,December 2010,U.S. Cotton Supply and Use,Production,,Cotton,United States,2010/011,Proj.,Annual,18.27,Million 480 Pound Bales,2010-12-10,08:30:00.0000000,2010,12
490,January 2011,U.S. Cotton Supply and Use,Production,,Cotton,United States,2008/09,,Annual,12.82,Million 480 Pound Bales,2011-01-12,08:30:00.0000000,2011,1
490,January 2011,U.S. Cotton Supply and Use,Production,,Cotton,United States,2009/10,Est.,Annual,12.19,Million 480 Pound Bales,2011-01-12,08:30:00.0000000,2011,1
490,January 2011,U.S. Cotton Supply and Use,Production,,Cotton,United States,2010/011,Proj.,Annual,18.32,Million 480 Pound Bales,2011-01-12,08:30:00.0000000,2011,1
491,February 2011,U.S. Cotton Supply and Use,Production,,Cotton,United States,2008/09,,Annual,12.82,Million 480 Pound Bales,2011-02-09,08:30:00.0000000,2011,2
491,February 2011,U.S. Cotton Supply and Use,Production,,Cotton,United States,2009/10,Est.,Annual,12.19,Million 480 Pound Bales,2011-02-09,08:30:00.0000000,2011,2
491,February 2011,U.S. Cotton Supply and Use,Production,,Cotton,United States,2010/011,Proj.,Annual,18.32,Million 480 Pound Bales,2011-02-09,08:30:00.0000000,2011,2
492,March 2011,U.S. Cotton Supply and Use,Production,,Cotton,United States,2008/09,,Annual,12.82,Million 480 Pound Bales,2011-03-10,08:30:00.0000000,2011,3
492,March 2011,U.S. Cotton Supply and Use,Production,,Cotton,United States,2009/10,Est.,Annual,12.19,Million 480 Pound Bales,2011-03-10,08:30:00.0000000,2011,3
492,March 2011,U.S. Cotton Supply and Use,Production,,Cotton,United States,2010/011,Proj.,Annual,18.32,Million 480 Pound Bales,2011-03-10,08:30:00.0000000,2011,3
493,April 2011,U.S. Cotton Supply and Use,Production,,Cotton,United States,2008/09,,Annual,12.82,Million 480 Pound Bales,2011-04-08,08:30:00.0000000,2011,4
493,April 2011,U.S. Cotton Supply and Use,Production,,Cotton,United States,2009/10,Est.,Annual,12.19,Million 480 Pound Bales,2011-04-08,08:30:00.0000000,2011,4
493,April 2011,U.S. Cotton Supply and Use,Production,,Cotton,United States,2010/011,Proj.,Annual,18.1,Million 480 Pound Bales,2011-04-08,08:30:00.0000000,2011,4
494,May 2011,U.S. Cotton Supply and Use,Production,,Cotton,United States,2009/10,,Annual,12.19,Million 480 Pound Bales,2011-05-11,08:30:00.0000000,2011,5
494,May 2011,U.S. Cotton Supply and Use,Production,,Cotton,United States,2010/011,Est.,Annual,18.1,Million 480 Pound Bales,2011-05-11,08:30:00.0000000,2011,5
494,May 2011,U.S. Cotton Supply and Use,Production,,Cotton,United States,2011/012,Proj.,Annual,18.0,Million 480 Pound Bales,2011-05-11,08:30:00.0000000,2011,5
495,June 2011,U.S. Cotton Supply and Use,Production,,Cotton,United States,2009/10,,Annual,12.19,Million 480 Pound Bales,2011-06-09,08:30:00.0000000,2011,6
495,June 2011,U.S. Cotton Supply and Use,Production,,Cotton,United States,2010/011,Est.,Annual,18.1,Million 480 Pound Bales,2011-06-09,08:30:00.0000000,2011,6
495,June 2011,U.S. Cotton Supply and Use,Production,,Cotton,United States,2011/012,Proj.,Annual,17.0,Million 480 Pound Bales,2011-06-09,08:30:00.0000000,2011,6
496,July 2011,U.S. Cotton Supply and Use,Production,,Cotton,United States,2009/10,,Annual,12.19,Million 480 Pound Bales,2011-07-12,08:30:00.0000000,2011,7
496,July 2011,U.S. Cotton Supply and Use,Production,,Cotton,United States,2010/011,Est.,Annual,18.1,Million 480 Pound Bales,2011-07-12,08:30:00.0000000,2011,7
496,July 2011,U.S. Cotton Supply and Use,Production,,Cotton,United States,2011/012,Proj.,Annual,16.0,Million 480 Pound Bales,2011-07-12,08:30:00.0000000,2011,7
497,August 2011,U.S. Cotton Supply and Use,Production,,Cotton,United States,2009/10,,Annual,12.19,Million 480 Pound Bales,2011-08-11,08:30:00.0000000,2011,8
497,August 2011,U.S. Cotton Supply and Use,Production,,Cotton,United States,2010/011,Est.,Annual,18.1,Million 480 Pound Bales,2011-08-11,08:30:00.0000000,2011,8
497,August 2011,U.S. Cotton Supply and Use,Production,,Cotton,United States,2011/012,Proj.,Annual,16.55,Million 480 Pound Bales,2011-08-11,08:30:00.0000000,2011,8
498,September 2011,U.S. Cotton Supply and Use,Production,,Cotton,United States,2009/10,,Annual,12.19,Million 480 Pound Bales,2011-09-12,08:30:00.0000000,2011,9
498,September 2011,U.S. Cotton Supply and Use,Production,,Cotton,United States,2010/011,Est.,Annual,18.1,Million 480 Pound Bales,2011-09-12,08:30:00.0000000,2011,9
498,September 2011,U.S. Cotton Supply and Use,Production,,Cotton,United States,2011/012,Proj.,Annual,16.56,Million 480 Pound Bales,2011-09-12,08:30:00.0000000,2011,9
499,October 2011,U.S. Cotton Supply and Use,Production,,Cotton,United States,2009/10,,Annual,12.19,Million 480 Pound Bales,2011-10-12,08:30:00.0000000,2011,10
499,October 2011,U.S. Cotton Supply and Use,Production,,Cotton,United States,2010/011,Est.,Annual,18.1,Million 480 Pound Bales,2011-10-12,08:30:00.0000000,2011,10
499,October 2011,U.S. Cotton Supply and Use,Production,,Cotton,United States,2011/012,Proj.,Annual,16.61,Million 480 Pound Bales,2011-10-12,08:30:00.0000000,2011,10
500,November 2011,U.S. Cotton Supply and Use,Production,,Cotton,United States,2009/10,,Annual,12.19,Million 480 Pound Bales,2011-11-09,08:30:00.0000000,2011,11
500,November 2011,U.S. Cotton Supply and Use,Production,,Cotton,United States,2010/011,Est.,Annual,18.1,Million 480 Pound Bales,2011-11-09,08:30:00.0000000,2011,11
500,November 2011,U.S. Cotton Supply and Use,Production,,Cotton,United States,2011/012,Proj.,Annual,16.3,Million 480 Pound Bales,2011-11-09,08:30:00.0000000,2011,11
501,December 2011,U.S. Cotton Supply and Use,Production,,Cotton,United States,2009/10,,Annual,12.19,Million 480 Pound Bales,2011-12-09,08:30:00.0000000,2011,12
501,December 2011,U.S. Cotton Supply and Use,Production,,Cotton,United States,2010/011,Est.,Annual,18.1,Million 480 Pound Bales,2011-12-09,08:30:00.0000000,2011,12
501,December 2011,U.S. Cotton Supply and Use,Production,,Cotton,United States,2011/012,Proj.,Annual,15.83,Million 480 Pound Bales,2011-12-09,08:30:00.0000000,2011,12
502,January 2012,U.S. Cotton Supply and Use,Production,,Cotton,United States,2009/10,,Annual,12.19,Million 480 Pound Bales,2012-01-12,08:30:00.0000000,2012,1
502,January 2012,U.S. Cotton Supply and Use,Production,,Cotton,United States,2010/011,Est.,Annual,18.1,Million 480 Pound Bales,2012-01-12,08:30:00.0000000,2012,1
502,January 2012,U.S. Cotton Supply and Use,Production,,Cotton,United States,2011/012,Proj.,Annual,15.67,Million 480 Pound Bales,2012-01-12,08:30:00.0000000,2012,1
503,February 2012,U.S. Cotton Supply and Use,Production,,Cotton,United States,2009/10,,Annual,12.19,Million 480 Pound Bales,2012-02-09,08:30:00.0000000,2012,2
503,February 2012,U.S. Cotton Supply and Use,Production,,Cotton,United States,2010/011,Est.,Annual,18.1,Million 480 Pound Bales,2012-02-09,08:30:00.0000000,2012,2
503,February 2012,U.S. Cotton Supply and Use,Production,,Cotton,United States,2011/012,Proj.,Annual,15.67,Million 480 Pound Bales,2012-02-09,08:30:00.0000000,2012,2
504,March 2012,U.S. Cotton Supply and Use,Production,,Cotton,United States,2009/10,,Annual,12.19,Million 480 Pound Bales,2012-03-09,08:30:00.0000000,2012,3
504,March 2012,U.S. Cotton Supply and Use,Production,,Cotton,United States,2010/011,Est.,Annual,18.1,Million 480 Pound Bales,2012-03-09,08:30:00.0000000,2012,3
504,March 2012,U.S. Cotton Supply and Use,Production,,Cotton,United States,2011/012,Proj.,Annual,15.67,Million 480 Pound Bales,2012-03-09,08:30:00.0000000,2012,3
505,April 2012,U.S. Cotton Supply and Use,Production,,Cotton,United States,2009/10,,Annual,12.19,Million 480 Pound Bales,2012-04-10,08:30:00.0000000,2012,4
505,April 2012,U.S. Cotton Supply and Use,Production,,Cotton,United States,2010/011,Est.,Annual,18.1,Million 480 Pound Bales,2012-04-10,08:30:00.0000000,2012,4
505,April 2012,U.S. Cotton Supply and Use,Production,,Cotton,United States,2011/012,Proj.,Annual,15.56,Million 480 Pound Bales,2012-04-10,08:30:00.0000000,2012,4
506,May 2012,U.S. Cotton Supply and Use,Production,,Cotton,United States,2010/011,,Annual,18.1,Million 480 Pound Bales,2012-05-10,08:30:00.0000000,2012,5
506,May 2012,U.S. Cotton Supply and Use,Production,,Cotton,United States,2011/012,Est.,Annual,15.57,Million 480 Pound Bales,2012-05-10,08:30:00.0000000,2012,5
506,May 2012,U.S. Cotton Supply and Use,Production,,Cotton,United States,2012/013,Proj.,Annual,17.0,Million 480 Pound Bales,2012-05-10,08:30:00.0000000,2012,5
507,June 2012,U.S. Cotton Supply and Use,Production,,Cotton,United States,2010/011,,Annual,18.1,Million 480 Pound Bales,2012-06-12,08:30:00.0000000,2012,6
507,June 2012,U.S. Cotton Supply and Use,Production,,Cotton,United States,2011/012,Est.,Annual,15.57,Million 480 Pound Bales,2012-06-12,08:30:00.0000000,2012,6
507,June 2012,U.S. Cotton Supply and Use,Production,,Cotton,United States,2012/013,Proj.,Annual,17.0,Million 480 Pound Bales,2012-06-12,08:30:00.0000000,2012,6
508,July 2012,U.S. Cotton Supply and Use,Production,,Cotton,United States,2010/011,,Annual,18.1,Million 480 Pound Bales,2012-07-11,08:30:00.0000000,2012,7
508,July 2012,U.S. Cotton Supply and Use,Production,,Cotton,United States,2011/012,Est.,Annual,15.57,Million 480 Pound Bales,2012-07-11,08:30:00.0000000,2012,7
508,July 2012,U.S. Cotton Supply and Use,Production,,Cotton,United States,2012/013,Proj.,Annual,17.0,Million 480 Pound Bales,2012-07-11,08:30:00.0000000,2012,7
509,August 2012,U.S. Cotton Supply and Use,Production,,Cotton,United States,2010/011,,Annual,18.1,Million 480 Pound Bales,2012-08-10,08:30:00.0000000,2012,8
509,August 2012,U.S. Cotton Supply and Use,Production,,Cotton,United States,2011/012,Est.,Annual,15.57,Million 480 Pound Bales,2012-08-10,08:30:00.0000000,2012,8
509,August 2012,U.S. Cotton Supply and Use,Production,,Cotton,United States,2012/013,Proj.,Annual,17.65,Million 480 Pound Bales,2012-08-10,08:30:00.0000000,2012,8
510,September 2012,U.S. Cotton Supply and Use,Production,,Cotton,United States,2010/011,,Annual,18.1,Million 480 Pound Bales,2012-09-12,08:30:00.0000000,2012,9
510,September 2012,U.S. Cotton Supply and Use,Production,,Cotton,United States,2011/012,Est.,Annual,15.57,Million 480 Pound Bales,2012-09-12,08:30:00.0000000,2012,9
510,September 2012,U.S. Cotton Supply and Use,Production,,Cotton,United States,2012/013,Proj.,Annual,17.11,Million 480 Pound Bales,2012-09-12,08:30:00.0000000,2012,9
511,October 2012,U.S. Cotton Supply and Use,Production,,Cotton,United States,2010/011,,Annual,18.1,Million 480 Pound Bales,2012-10-11,08:30:00.0000000,2012,10
511,October 2012,U.S. Cotton Supply and Use,Production,,Cotton,United States,2011/012,Est.,Annual,15.57,Million 480 Pound Bales,2012-10-11,08:30:00.0000000,2012,10
511,October 2012,U.S. Cotton Supply and Use,Production,,Cotton,United States,2012/013,Proj.,Annual,17.29,Million 480 Pound Bales,2012-10-11,08:30:00.0000000,2012,10
512,November 2012,U.S. Cotton Supply and Use,Production,,Cotton,United States,2010/011,,Annual,18.1,Million 480 Pound Bales,2012-11-09,08:30:00.0000000,2012,11
512,November 2012,U.S. Cotton Supply and Use,Production,,Cotton,United States,2011/012,Est.,Annual,15.57,Million 480 Pound Bales,2012-11-09,08:30:00.0000000,2012,11
512,November 2012,U.S. Cotton Supply and Use,Production,,Cotton,United States,2012/013,Proj.,Annual,17.45,Million 480 Pound Bales,2012-11-09,08:30:00.0000000,2012,11
513,December 2012,U.S. Cotton Supply and Use,Production,,Cotton,United States,2010/011,,Annual,18.1,Million 480 Pound Bales,2012-12-11,08:30:00.0000000,2012,12
513,December 2012,U.S. Cotton Supply and Use,Production,,Cotton,United States,2011/012,Est.,Annual,15.57,Million 480 Pound Bales,2012-12-11,08:30:00.0000000,2012,12
513,December 2012,U.S. Cotton Supply and Use,Production,,Cotton,United States,2012/013,Proj.,Annual,17.26,Million 480 Pound Bales,2012-12-11,08:30:00.0000000,2012,12
514,January 2013,U.S. Cotton Supply and Use,Production,,Cotton,United States,2010/011,,Annual,18.1,Million 480 Pound Bales,2013-01-11,12:00:00.0000000,2013,1
514,January 2013,U.S. Cotton Supply and Use,Production,,Cotton,United States,2011/012,Est.,Annual,15.57,Million 480 Pound Bales,2013-01-11,12:00:00.0000000,2013,1
514,January 2013,U.S. Cotton Supply and Use,Production,,Cotton,United States,2012/013,Proj.,Annual,17.01,Million 480 Pound Bales,2013-01-11,12:00:00.0000000,2013,1
515,February 2013,U.S. Cotton Supply and Use,Production,,Cotton,United States,2010/011,,Annual,18.1,Million 480 Pound Bales,2013-02-08,12:00:00.0000000,2013,2
515,February 2013,U.S. Cotton Supply and Use,Production,,Cotton,United States,2011/012,Est.,Annual,15.57,Million 480 Pound Bales,2013-02-08,12:00:00.0000000,2013,2
515,February 2013,U.S. Cotton Supply and Use,Production,,Cotton,United States,2012/013,Proj.,Annual,17.01,Million 480 Pound Bales,2013-02-08,12:00:00.0000000,2013,2
516,March 2013,U.S. Cotton Supply and Use,Production,,Cotton,United States,2010/011,,Annual,18.1,Million 480 Pound Bales,2013-03-08,12:00:00.0000000,2013,3
516,March 2013,U.S. Cotton Supply and Use,Production,,Cotton,United States,2011/012,Est.,Annual,15.57,Million 480 Pound Bales,2013-03-08,12:00:00.0000000,2013,3
516,March 2013,U.S. Cotton Supply and Use,Production,,Cotton,United States,2012/013,Proj.,Annual,17.01,Million 480 Pound Bales,2013-03-08,12:00:00.0000000,2013,3
517,April 2013,U.S. Cotton Supply and Use,Production,,Cotton,United States,2010/011,,Annual,18.1,Million 480 Pound Bales,2013-04-10,12:00:00.0000000,2013,4
517,April 2013,U.S. Cotton Supply and Use,Production,,Cotton,United States,2011/012,Est.,Annual,15.57,Million 480 Pound Bales,2013-04-10,12:00:00.0000000,2013,4
517,April 2013,U.S. Cotton Supply and Use,Production,,Cotton,United States,2012/013,Proj.,Annual,17.29,Million 480 Pound Bales,2013-04-10,12:00:00.0000000,2013,4
518,May 2013,U.S. Cotton Supply and Use,Production,,Cotton,United States,2011/012,,Annual,15.57,Million 480 Pound Bales,2013-05-10,12:00:00.0000000,2013,5
518,May 2013,U.S. Cotton Supply and Use,Production,,Cotton,United States,2012/013,Est.,Annual,17.32,Million 480 Pound Bales,2013-05-10,12:00:00.0000000,2013,5
518,May 2013,U.S. Cotton Supply and Use,Production,,Cotton,United States,2013/014,Proj.,Annual,14.0,Million 480 Pound Bales,2013-05-10,12:00:00.0000000,2013,5
519,June 2013,U.S. Cotton Supply and Use,Production,,Cotton,United States,2011/012,,Annual,15.57,Million 480 Pound Bales,2013-06-12,12:00:00.0000000,2013,6
519,June 2013,U.S. Cotton Supply and Use,Production,,Cotton,United States,2012/013,Est.,Annual,17.32,Million 480 Pound Bales,2013-06-12,12:00:00.0000000,2013,6
519,June 2013,U.S. Cotton Supply and Use,Production,,Cotton,United States,2013/014,Proj.,Annual,13.5,Million 480 Pound Bales,2013-06-12,12:00:00.0000000,2013,6
520,July 2013,U.S. Cotton Supply and Use,Production,,Cotton,United States,2011/012,,Annual,15.57,Million 480 Pound Bales,2013-07-11,12:00:00.0000000,2013,7
520,July 2013,U.S. Cotton Supply and Use,Production,,Cotton,United States,2012/013,Est.,Annual,17.32,Million 480 Pound Bales,2013-07-11,12:00:00.0000000,2013,7
520,July 2013,U.S. Cotton Supply and Use,Production,,Cotton,United States,2013/014,Proj.,Annual,13.5,Million 480 Pound Bales,2013-07-11,12:00:00.0000000,2013,7
521,August 2013,U.S. Cotton Supply and Use,Production,,Cotton,United States,2011/012,,Annual,15.57,Million 480 Pound Bales,2013-08-12,12:00:00.0000000,2013,8
521,August 2013,U.S. Cotton Supply and Use,Production,,Cotton,United States,2012/013,Est.,Annual,17.32,Million 480 Pound Bales,2013-08-12,12:00:00.0000000,2013,8
521,August 2013,U.S. Cotton Supply and Use,Production,,Cotton,United States,2013/014,Proj.,Annual,13.05,Million 480 Pound Bales,2013-08-12,12:00:00.0000000,2013,8
522,September 2013,U.S. Cotton Supply and Use,Production,,Cotton,United States,2011/012,,Annual,15.57,Million 480 Pound Bales,2013-09-12,12:00:00.0000000,2013,9
522,September 2013,U.S. Cotton Supply and Use,Production,,Cotton,United States,2012/013,Est.,Annual,17.32,Million 480 Pound Bales,2013-09-12,12:00:00.0000000,2013,9
522,September 2013,U.S. Cotton Supply and Use,Production,,Cotton,United States,2013/014,Proj.,Annual,12.9,Million 480 Pound Bales,2013-09-12,12:00:00.0000000,2013,9
523,November 2013,U.S. Cotton Supply and Use,Production,,Cotton,United States,2011/12,,Annual,15.57,Million 480 Pound Bales,2013-11-08,12:00:00.0000000,2013,11
523,November 2013,U.S. Cotton Supply and Use,Production,,Cotton,United States,2012/13,Est.,Annual,17.32,Million 480 Pound Bales,2013-11-08,12:00:00.0000000,2013,11
523,November 2013,U.S. Cotton Supply and Use,Production,,Cotton,United States,2013/14,Proj.,Annual,13.11,Million 480 Pound Bales,2013-11-08,12:00:00.0000000,2013,11
524,December 2013,U.S. Cotton Supply and Use,Production,,Cotton,United States,2011/12,,Annual,15.57,Million 480 Pound Bales,2013-12-10,12:00:00.0000000,2013,12
524,December 2013,U.S. Cotton Supply and Use,Production,,Cotton,United States,2012/13,Est.,Annual,17.32,Million 480 Pound Bales,2013-12-10,12:00:00.0000000,2013,12
524,December 2013,U.S. Cotton Supply and Use,Production,,Cotton,United States,2013/14,Proj.,Annual,13.07,Million 480 Pound Bales,2013-12-10,12:00:00.0000000,2013,12
525,January 2014,U.S. Cotton Supply and Use,Production,,Cotton,United States,2011/12,,Annual,15.57,Million 480 Pound Bales,2014-01-10,12:00:00.0000000,2014,1
525,January 2014,U.S. Cotton Supply and Use,Production,,Cotton,United States,2012/13,Est.,Annual,17.32,Million 480 Pound Bales,2014-01-10,12:00:00.0000000,2014,1
525,January 2014,U.S. Cotton Supply and Use,Production,,Cotton,United States,2013/14,Proj.,Annual,13.19,Million 480 Pound Bales,2014-01-10,12:00:00.0000000,2014,1
526,February 2014,U.S. Cotton Supply and Use,Production,,Cotton,United States,2011/12,,Annual,15.57,Million 480 Pound Bales,2014-02-10,12:00:00.0000000,2014,2
526,February 2014,U.S. Cotton Supply and Use,Production,,Cotton,United States,2012/13,Est.,Annual,17.32,Million 480 Pound Bales,2014-02-10,12:00:00.0000000,2014,2
526,February 2014,U.S. Cotton Supply and Use,Production,,Cotton,United States,2013/14,Proj.,Annual,13.19,Million 480 Pound Bales,2014-02-10,12:00:00.0000000,2014,2
527,March 2014,U.S. Cotton Supply and Use,Production,,Cotton,United States,2011/12,,Annual,15.57,Million 480 Pound Bales,2014-03-10,12:00:00.0000000,2014,3
527,March 2014,U.S. Cotton Supply and Use,Production,,Cotton,United States,2012/13,Est.,Annual,17.32,Million 480 Pound Bales,2014-03-10,12:00:00.0000000,2014,3
527,March 2014,U.S. Cotton Supply and Use,Production,,Cotton,United States,2013/14,Proj.,Annual,13.19,Million 480 Pound Bales,2014-03-10,12:00:00.0000000,2014,3
528,April 2014,U.S. Cotton Supply and Use,Production,,Cotton,United States,2011/12,,Annual,15.57,Million 480 Pound Bales,2014-04-09,12:00:00.0000000,2014,4
528,April 2014,U.S. Cotton Supply and Use,Production,,Cotton,United States,2012/13,Est.,Annual,17.32,Million 480 Pound Bales,2014-04-09,12:00:00.0000000,2014,4
528,April 2014,U.S. Cotton Supply and Use,Production,,Cotton,United States,2013/14,Proj.,Annual,12.87,Million 480 Pound Bales,2014-04-09,12:00:00.0000000,2014,4
529,May 2014,U.S. Cotton Supply and Use,Production,,Cotton,United States,2012/13,,Annual,17.32,Million 480 Pound Bales,2014-05-09,12:00:00.0000000,2014,5
529,May 2014,U.S. Cotton Supply and Use,Production,,Cotton,United States,2013/14,Est.,Annual,12.91,Million 480 Pound Bales,2014-05-09,12:00:00.0000000,2014,5
529,May 2014,U.S. Cotton Supply and Use,Production,,Cotton,United States,2014/15,Proj.,Annual,14.5,Million 480 Pound Bales,2014-05-09,12:00:00.0000000,2014,5
530,June 2014,U.S. Cotton Supply and Use,Production,,Cotton,United States,2012/13,,Annual,17.32,Million 480 Pound Bales,2014-06-11,12:00:00.0000000,2014,6
530,June 2014,U.S. Cotton Supply and Use,Production,,Cotton,United States,2013/14,Est.,Annual,12.91,Million 480 Pound Bales,2014-06-11,12:00:00.0000000,2014,6
530,June 2014,U.S. Cotton Supply and Use,Production,,Cotton,United States,2014/15,Proj.,Annual,15.0,Million 480 Pound Bales,2014-06-11,12:00:00.0000000,2014,6
531,July 2014,U.S. Cotton Supply and Use,Production,,Cotton,United States,2012/13,,Annual,17.32,Million 480 Pound Bales,2014-07-11,12:00:00.0000000,2014,7
531,July 2014,U.S. Cotton Supply and Use,Production,,Cotton,United States,2013/14,Est.,Annual,12.91,Million 480 Pound Bales,2014-07-11,12:00:00.0000000,2014,7
531,July 2014,U.S. Cotton Supply and Use,Production,,Cotton,United States,2014/15,Proj.,Annual,16.5,Million 480 Pound Bales,2014-07-11,12:00:00.0000000,2014,7
532,August 2014,U.S. Cotton Supply and Use,Production,,Cotton,United States,2012/13,,Annual,17.32,Million 480 Pound Bales,2014-08-12,12:00:00.0000000,2014,8
532,August 2014,U.S. Cotton Supply and Use,Production,,Cotton,United States,2013/14,Est.,Annual,12.91,Million 480 Pound Bales,2014-08-12,12:00:00.0000000,2014,8
532,August 2014,U.S. Cotton Supply and Use,Production,,Cotton,United States,2014/15,Proj.,Annual,17.5,Million 480 Pound Bales,2014-08-12,12:00:00.0000000,2014,8
533,September 2014,U.S. Cotton Supply and Use,Production,,Cotton,United States,2012/13,,Annual,17.32,Million 480 Pound Bales,2014-09-11,12:00:00.0000000,2014,9
533,September 2014,U.S. Cotton Supply and Use,Production,,Cotton,United States,2013/14,Est.,Annual,12.91,Million 480 Pound Bales,2014-09-11,12:00:00.0000000,2014,9
533,September 2014,U.S. Cotton Supply and Use,Production,,Cotton,United States,2014/15,Proj.,Annual,16.54,Million 480 Pound Bales,2014-09-11,12:00:00.0000000,2014,9
534,October 2014,U.S. Cotton Supply and Use,Production,,Cotton,United States,2012/13,,Annual,17.32,Million 480 Pound Bales,2014-10-10,12:00:00.0000000,2014,10
534,October 2014,U.S. Cotton Supply and Use,Production,,Cotton,United States,2013/14,Est.,Annual,12.91,Million 480 Pound Bales,2014-10-10,12:00:00.0000000,2014,10
534,October 2014,U.S. Cotton Supply and Use,Production,,Cotton,United States,2014/15,Proj.,Annual,16.26,Million 480 Pound Bales,2014-10-10,12:00:00.0000000,2014,10
535,November 2014,U.S. Cotton Supply and Use,Production,,Cotton,United States,2012/13,,Annual,17.31,Million 480 Pound Bales,2014-11-10,12:00:00.0000000,2014,11
535,November 2014,U.S. Cotton Supply and Use,Production,,Cotton,United States,2013/14,Est.,Annual,12.91,Million 480 Pound Bales,2014-11-10,12:00:00.0000000,2014,11
535,November 2014,U.S. Cotton Supply and Use,Production,,Cotton,United States,2014/15,Proj.,Annual,16.4,Million 480 Pound Bales,2014-11-10,12:00:00.0000000,2014,11
536,December 2014,U.S. Cotton Supply and Use,Production,,Cotton,United States,2012/13,,Annual,17.31,Million 480 Pound Bales,2014-12-10,12:00:00.0000000,2014,12
536,December 2014,U.S. Cotton Supply and Use,Production,,Cotton,United States,2013/14,Est.,Annual,12.91,Million 480 Pound Bales,2014-12-10,12:00:00.0000000,2014,12
536,December 2014,U.S. Cotton Supply and Use,Production,,Cotton,United States,2014/15,Proj.,Annual,15.92,Million 480 Pound Bales,2014-12-10,12:00:00.0000000,2014,12
537,January 2015,U.S. Cotton Supply and Use,Production,,Cotton,United States,2012/13,,Annual,17.31,Million 480 Pound Bales,2015-01-12,12:00:00.0000000,2015,1
537,January 2015,U.S. Cotton Supply and Use,Production,,Cotton,United States,2013/14,Est.,Annual,12.91,Million 480 Pound Bales,2015-01-12,12:00:00.0000000,2015,1
537,January 2015,U.S. Cotton Supply and Use,Production,,Cotton,United States,2014/15,Proj.,Annual,16.08,Million 480 Pound Bales,2015-01-12,12:00:00.0000000,2015,1
538,February 2015,U.S. Cotton Supply and Use,Production,,Cotton,United States,2012/13,,Annual,17.31,Million 480 Pound Bales,2015-02-10,12:00:00.0000000,2015,2
538,February 2015,U.S. Cotton Supply and Use,Production,,Cotton,United States,2013/14,Est.,Annual,12.91,Million 480 Pound Bales,2015-02-10,12:00:00.0000000,2015,2
538,February 2015,U.S. Cotton Supply and Use,Production,,Cotton,United States,2014/15,Proj.,Annual,16.08,Million 480 Pound Bales,2015-02-10,12:00:00.0000000,2015,2
539,March 2015,U.S. Cotton Supply and Use,Production,,Cotton,United States,2012/13,,Annual,17.31,Million 480 Pound Bales,2015-03-10,12:00:00.0000000,2015,3
539,March 2015,U.S. Cotton Supply and Use,Production,,Cotton,United States,2013/14,Est.,Annual,12.91,Million 480 Pound Bales,2015-03-10,12:00:00.0000000,2015,3
539,March 2015,U.S. Cotton Supply and Use,Production,,Cotton,United States,2014/15,Proj.,Annual,16.08,Million 480 Pound Bales,2015-03-10,12:00:00.0000000,2015,3
540,April 2015,U.S. Cotton Supply and Use,Production,,Cotton,United States,2012/13,,Annual,17.31,Million 480 Pound Bales,2015-04-09,12:00:00.0000000,2015,4
540,April 2015,U.S. Cotton Supply and Use,Production,,Cotton,United States,2013/14,Est.,Annual,12.91,Million 480 Pound Bales,2015-04-09,12:00:00.0000000,2015,4
540,April 2015,U.S. Cotton Supply and Use,Production,,Cotton,United States,2014/15,Proj.,Annual,16.3,Million 480 Pound Bales,2015-04-09,12:00:00.0000000,2015,4
541,May 2015,U.S. Cotton Supply and Use,Production,,Cotton,United States,2013/14,,Annual,12.91,Million 480 Pound Bales,2015-05-12,12:00:00.0000000,2015,5
541,May 2015,U.S. Cotton Supply and Use,Production,,Cotton,United States,2014/15,Est.,Annual,16.32,Million 480 Pound Bales,2015-05-12,12:00:00.0000000,2015,5
541,May 2015,U.S. Cotton Supply and Use,Production,,Cotton,United States,2015/16,Proj.,Annual,14.5,Million 480 Pound Bales,2015-05-12,12:00:00.0000000,2015,5
542,June 2015,U.S. Cotton Supply and Use,Production,,Cotton,United States,2013/14,,Annual,12.91,Million 480 Pound Bales,2015-06-10,12:00:00.0000000,2015,6
542,June 2015,U.S. Cotton Supply and Use,Production,,Cotton,United States,2014/15,Est.,Annual,16.32,Million 480 Pound Bales,2015-06-10,12:00:00.0000000,2015,6
542,June 2015,U.S. Cotton Supply and Use,Production,,Cotton,United States,2015/16,Proj.,Annual,14.5,Million 480 Pound Bales,2015-06-10,12:00:00.0000000,2015,6
543,July 2015,U.S. Cotton Supply and Use,Production,,Cotton,United States,2013/14,,Annual,12.91,Million 480 Pound Bales,2015-07-10,12:00:00.0000000,2015,7
543,July 2015,U.S. Cotton Supply and Use,Production,,Cotton,United States,2014/15,Est.,Annual,16.32,Million 480 Pound Bales,2015-07-10,12:00:00.0000000,2015,7
543,July 2015,U.S. Cotton Supply and Use,Production,,Cotton,United States,2015/16,Proj.,Annual,14.5,Million 480 Pound Bales,2015-07-10,12:00:00.0000000,2015,7
544,August 2015,U.S. Cotton Supply and Use,Production,,Cotton,United States,2013/14,,Annual,12.91,Million 480 Pound Bales,2015-08-12,12:00:00.0000000,2015,8
544,August 2015,U.S. Cotton Supply and Use,Production,,Cotton,United States,2014/15,Est.,Annual,16.32,Million 480 Pound Bales,2015-08-12,12:00:00.0000000,2015,8
544,August 2015,U.S. Cotton Supply and Use,Production,,Cotton,United States,2015/16,Proj.,Annual,13.08,Million 480 Pound Bales,2015-08-12,12:00:00.0000000,2015,8
545,September 2015,U.S. Cotton Supply and Use,Production,,Cotton,United States,2013/14,,Annual,12.91,Million 480 Pound Bales,2015-09-11,12:00:00.0000000,2015,9
545,September 2015,U.S. Cotton Supply and Use,Production,,Cotton,United States,2014/15,Est.,Annual,16.32,Million 480 Pound Bales,2015-09-11,12:00:00.0000000,2015,9
545,September 2015,U.S. Cotton Supply and Use,Production,,Cotton,United States,2015/16,Proj.,Annual,13.43,Million 480 Pound Bales,2015-09-11,12:00:00.0000000,2015,9
546,October 2015,U.S. Cotton Supply and Use,Production,,Cotton,United States,2013/14,,Annual,12.91,Million 480 Pound Bales,2015-10-09,12:00:00.0000000,2015,10
546,October 2015,U.S. Cotton Supply and Use,Production,,Cotton,United States,2014/15,Est.,Annual,16.32,Million 480 Pound Bales,2015-10-09,12:00:00.0000000,2015,10
546,October 2015,U.S. Cotton Supply and Use,Production,,Cotton,United States,2015/16,Proj.,Annual,13.34,Million 480 Pound Bales,2015-10-09,12:00:00.0000000,2015,10
547,November 2015,U.S. Cotton Supply and Use,Production,,Cotton,United States,2013/14,,Annual,12.91,Million 480 Pound Bales,2015-11-10,12:00:00.0000000,2015,11
547,November 2015,U.S. Cotton Supply and Use,Production,,Cotton,United States,2014/15,Est.,Annual,16.32,Million 480 Pound Bales,2015-11-10,12:00:00.0000000,2015,11
547,November 2015,U.S. Cotton Supply and Use,Production,,Cotton,United States,2015/16,Proj.,Annual,13.28,Million 480 Pound Bales,2015-11-10,12:00:00.0000000,2015,11
548,December 2015,U.S. Cotton Supply and Use,Production,,Cotton,United States,2013/14,,Annual,12.91,Million 480 Pound Bales,2015-12-09,12:00:00.0000000,2015,12
548,December 2015,U.S. Cotton Supply and Use,Production,,Cotton,United States,2014/15,Est.,Annual,16.32,Million 480 Pound Bales,2015-12-09,12:00:00.0000000,2015,12
548,December 2015,U.S. Cotton Supply and Use,Production,,Cotton,United States,2015/16,Proj.,Annual,13.03,Million 480 Pound Bales,2015-12-09,12:00:00.0000000,2015,12
549,January 2016,U.S. Cotton Supply and Use,Production,,Cotton,United States,2013/14,,Annual,12.91,Million 480 Pound Bales,2016-01-12,12:00:00.0000000,2016,1
549,January 2016,U.S. Cotton Supply and Use,Production,,Cotton,United States,2014/15,Est.,Annual,16.32,Million 480 Pound Bales,2016-01-12,12:00:00.0000000,2016,1
549,January 2016,U.S. Cotton Supply and Use,Production,,Cotton,United States,2015/16,Proj.,Annual,12.94,Million 480 Pound Bales,2016-01-12,12:00:00.0000000,2016,1
550,February 2016,U.S. Cotton Supply and Use,Production,,Cotton,United States,2013/14,,Annual,12.91,Million 480 Pound Bales,2016-02-09,12:00:00.0000000,2016,2
550,February 2016,U.S. Cotton Supply and Use,Production,,Cotton,United States,2014/15,Est.,Annual,16.32,Million 480 Pound Bales,2016-02-09,12:00:00.0000000,2016,2
550,February 2016,U.S. Cotton Supply and Use,Production,,Cotton,United States,2015/16,Proj.,Annual,12.94,Million 480 Pound Bales,2016-02-09,12:00:00.0000000,2016,2
551,March 2016,U.S. Cotton Supply and Use,Production,,Cotton,United States,2013/14,,Annual,12.91,Million 480 Pound Bales,2016-03-09,12:00:00.0000000,2016,3
551,March 2016,U.S. Cotton Supply and Use,Production,,Cotton,United States,2014/15,Est.,Annual,16.32,Million 480 Pound Bales,2016-03-09,12:00:00.0000000,2016,3
551,March 2016,U.S. Cotton Supply and Use,Production,,Cotton,United States,2015/16,Proj.,Annual,12.94,Million 480 Pound Bales,2016-03-09,12:00:00.0000000,2016,3
552,April 2016,U.S. Cotton Supply and Use,Production,,Cotton,United States,2013/14,,Annual,12.91,Million 480 Pound Bales,2016-04-12,12:00:00.0000000,2016,4
552,April 2016,U.S. Cotton Supply and Use,Production,,Cotton,United States,2014/15,Est.,Annual,16.32,Million 480 Pound Bales,2016-04-12,12:00:00.0000000,2016,4
552,April 2016,U.S. Cotton Supply and Use,Production,,Cotton,United States,2015/16,Proj.,Annual,12.87,Million 480 Pound Bales,2016-04-12,12:00:00.0000000,2016,4
553,May 2016,U.S. Cotton Supply and Use,Production,,Cotton,United States,2014/15,,Annual,16.32,Million 480 Pound Bales,2016-05-10,12:00:00.0000000,2016,5
553,May 2016,U.S. Cotton Supply and Use,Production,,Cotton,United States,2015/16,Est.,Annual,12.89,Million 480 Pound Bales,2016-05-10,12:00:00.0000000,2016,5
553,May 2016,U.S. Cotton Supply and Use,Production,,Cotton,United States,2016/17,Proj.,Annual,14.8,Million 480 Pound Bales,2016-05-10,12:00:00.0000000,2016,5
554,June 2016,U.S. Cotton Supply and Use,Production,,Cotton,United States,2014/15,,Annual,16.32,Million 480 Pound Bales,2016-06-10,12:00:00.0000000,2016,6
554,June 2016,U.S. Cotton Supply and Use,Production,,Cotton,United States,2015/16,Est.,Annual,12.89,Million 480 Pound Bales,2016-06-10,12:00:00.0000000,2016,6
554,June 2016,U.S. Cotton Supply and Use,Production,,Cotton,United States,2016/17,Proj.,Annual,14.8,Million 480 Pound Bales,2016-06-10,12:00:00.0000000,2016,6
555,July 2016,U.S. Cotton Supply and Use,Production,,Cotton,United States,2014/15,,Annual,16.32,Million 480 Pound Bales,2016-07-12,12:00:00.0000000,2016,7
555,July 2016,U.S. Cotton Supply and Use,Production,,Cotton,United States,2015/16,Est.,Annual,12.89,Million 480 Pound Bales,2016-07-12,12:00:00.0000000,2016,7
555,July 2016,U.S. Cotton Supply and Use,Production,,Cotton,United States,2016/17,Proj.,Annual,15.8,Million 480 Pound Bales,2016-07-12,12:00:00.0000000,2016,7
556,August 2016,U.S. Cotton Supply and Use,Production,,Cotton,United States,2014/15,,Annual,16.32,Million 480 Pound Bales,2016-08-12,12:00:00.0000000,2016,8
556,August 2016,U.S. Cotton Supply and Use,Production,,Cotton,United States,2015/16,Est.,Annual,12.89,Million 480 Pound Bales,2016-08-12,12:00:00.0000000,2016,8
556,August 2016,U.S. Cotton Supply and Use,Production,,Cotton,United States,2016/17,Proj.,Annual,15.88,Million 480 Pound Bales,2016-08-12,12:00:00.0000000,2016,8
557,September 2016,U.S. Cotton Supply and Use,Production,,Cotton,United States,2014/15,,Annual,16.32,Million 480 Pound Bales,2016-09-12,12:00:00.0000000,2016,9
557,September 2016,U.S. Cotton Supply and Use,Production,,Cotton,United States,2015/16,Est.,Annual,12.89,Million 480 Pound Bales,2016-09-12,12:00:00.0000000,2016,9
557,September 2016,U.S. Cotton Supply and Use,Production,,Cotton,United States,2016/17,Proj.,Annual,16.14,Million 480 Pound Bales,2016-09-12,12:00:00.0000000,2016,9
558,October 2016,U.S. Cotton Supply and Use,Production,,Cotton,United States,2014/15,,Annual,16.32,Million 480 Pound Bales,2016-10-12,12:00:00.0000000,2016,10
558,October 2016,U.S. Cotton Supply and Use,Production,,Cotton,United States,2015/16,Est.,Annual,12.89,Million 480 Pound Bales,2016-10-12,12:00:00.0000000,2016,10
558,October 2016,U.S. Cotton Supply and Use,Production,,Cotton,United States,2016/17,Proj.,Annual,16.03,Million 480 Pound Bales,2016-10-12,12:00:00.0000000,2016,10
559,November 2016,U.S. Cotton Supply and Use,Production,,Cotton,United States,2014/15,,Annual,16.32,Million 480 Pound Bales,2016-11-09,12:00:00.0000000,2016,11
559,November 2016,U.S. Cotton Supply and Use,Production,,Cotton,United States,2015/16,Est.,Annual,12.89,Million 480 Pound Bales,2016-11-09,12:00:00.0000000,2016,11
559,November 2016,U.S. Cotton Supply and Use,Production,,Cotton,United States,2016/17,Proj.,Annual,16.16,Million 480 Pound Bales,2016-11-09,12:00:00.0000000,2016,11
560,December 2016,U.S. Cotton Supply and Use,Production,,Cotton,United States,2014/15,,Annual,16.32,Million 480 Pound Bales,2016-12-09,12:00:00.0000000,2016,12
560,December 2016,U.S. Cotton Supply and Use,Production,,Cotton,United States,2015/16,Est.,Annual,12.89,Million 480 Pound Bales,2016-12-09,12:00:00.0000000,2016,12
560,December 2016,U.S. Cotton Supply and Use,Production,,Cotton,United States,2016/17,Proj.,Annual,16.52,Million 480 Pound Bales,2016-12-09,12:00:00.0000000,2016,12
561,January 2017,U.S. Cotton Supply and Use,Production,,Cotton,United States,2014/15,,Annual,16.32,Million 480 Pound Bales,2017-01-12,12:00:00.0000000,2017,1
561,January 2017,U.S. Cotton Supply and Use,Production,,Cotton,United States,2015/16,Est.,Annual,12.89,Million 480 Pound Bales,2017-01-12,12:00:00.0000000,2017,1
561,January 2017,U.S. Cotton Supply and Use,Production,,Cotton,United States,2016/17,Proj.,Annual,16.96,Million 480 Pound Bales,2017-01-12,12:00:00.0000000,2017,1
562,February 2017,U.S. Cotton Supply and Use,Production,,Cotton,United States,2014/15,,Annual,16.32,Million 480 Pound Bales,2017-02-09,12:00:00.0000000,2017,2
562,February 2017,U.S. Cotton Supply and Use,Production,,Cotton,United States,2015/16,Est.,Annual,12.89,Million 480 Pound Bales,2017-02-09,12:00:00.0000000,2017,2
562,February 2017,U.S. Cotton Supply and Use,Production,,Cotton,United States,2016/17,Proj.,Annual,16.96,Million 480 Pound Bales,2017-02-09,12:00:00.0000000,2017,2
563,March 2017,U.S. Cotton Supply and Use,Production,,Cotton,United States,2014/15,,Annual,16.32,Million 480 Pound Bales,2017-03-09,12:00:00.0000000,2017,3
563,March 2017,U.S. Cotton Supply and Use,Production,,Cotton,United States,2015/16,Est.,Annual,12.89,Million 480 Pound Bales,2017-03-09,12:00:00.0000000,2017,3
563,March 2017,U.S. Cotton Supply and Use,Production,,Cotton,United States,2016/17,Proj.,Annual,17.23,Million 480 Pound Bales,2017-03-09,12:00:00.0000000,2017,3
564,April 2017,U.S. Cotton Supply and Use,Production,,Cotton,United States,2014/15,,Annual,16.32,Million 480 Pound Bales,2017-04-11,12:00:00.0000000,2017,4
564,April 2017,U.S. Cotton Supply and Use,Production,,Cotton,United States,2015/16,Est.,Annual,12.89,Million 480 Pound Bales,2017-04-11,12:00:00.0000000,2017,4
564,April 2017,U.S. Cotton Supply and Use,Production,,Cotton,United States,2016/17,Proj.,Annual,17.23,Million 480 Pound Bales,2017-04-11,12:00:00.0000000,2017,4
565,May 2017,U.S. Cotton Supply and Use,Production,,Cotton,United States,2015/16,,Annual,12.89,Million 480 Pound Bales,2017-05-10,12:00:00.0000000,2017,5
565,May 2017,U.S. Cotton Supply and Use,Production,,Cotton,United States,2016/17,Est.,Annual,17.17,Million 480 Pound Bales,2017-05-10,12:00:00.0000000,2017,5
565,May 2017,U.S. Cotton Supply and Use,Production,,Cotton,United States,2017/18,Proj.,Annual,19.2,Million 480 Pound Bales,2017-05-10,12:00:00.0000000,2017,5
566,June 2017,U.S. Cotton Supply and Use,Production,,Cotton,United States,2015/16,,Annual,12.89,Million 480 Pound Bales,2017-06-09,12:00:00.0000000,2017,6
566,June 2017,U.S. Cotton Supply and Use,Production,,Cotton,United States,2016/17,Est.,Annual,17.17,Million 480 Pound Bales,2017-06-09,12:00:00.0000000,2017,6
566,June 2017,U.S. Cotton Supply and Use,Production,,Cotton,United States,2017/18,Proj.,Annual,19.2,Million 480 Pound Bales,2017-06-09,12:00:00.0000000,2017,6
567,July 2017,U.S. Cotton Supply and Use,Production,,Cotton,United States,2015/16,,Annual,12.89,Million 480 Pound Bales,2017-07-12,12:00:00.0000000,2017,7
567,July 2017,U.S. Cotton Supply and Use,Production,,Cotton,United States,2016/17,Est.,Annual,17.17,Million 480 Pound Bales,2017-07-12,12:00:00.0000000,2017,7
567,July 2017,U.S. Cotton Supply and Use,Production,,Cotton,United States,2017/18,Proj.,Annual,19.0,Million 480 Pound Bales,2017-07-12,12:00:00.0000000,2017,7
568,August 2017,U.S. Cotton Supply and Use,Production,,Cotton,United States,2015/16,,Annual,12.89,Million 480 Pound Bales,2017-08-10,12:00:00.0000000,2017,8
568,August 2017,U.S. Cotton Supply and Use,Production,,Cotton,United States,2016/17,Est.,Annual,17.17,Million 480 Pound Bales,2017-08-10,12:00:00.0000000,2017,8
568,August 2017,U.S. Cotton Supply and Use,Production,,Cotton,United States,2017/18,Proj.,Annual,20.55,Million 480 Pound Bales,2017-08-10,12:00:00.0000000,2017,8
569,September 2017,U.S. Cotton Supply and Use,Production,,Cotton,United States,2015/16,,Annual,12.89,Million 480 Pound Bales,2017-09-12,12:00:00.0000000,2017,9
569,September 2017,U.S. Cotton Supply and Use,Production,,Cotton,United States,2016/17,Est.,Annual,17.17,Million 480 Pound Bales,2017-09-12,12:00:00.0000000,2017,9
569,September 2017,U.S. Cotton Supply and Use,Production,,Cotton,United States,2017/18,Proj.,Annual,21.76,Million 480 Pound Bales,2017-09-12,12:00:00.0000000,2017,9
570,October 2017,U.S. Cotton Supply and Use,Production,,Cotton,United States,2015/16,,Annual,12.89,Million 480 Pound Bales,2017-10-12,12:00:00.0000000,2017,10
570,October 2017,U.S. Cotton Supply and Use,Production,,Cotton,United States,2016/17,Est.,Annual,17.17,Million 480 Pound Bales,2017-10-12,12:00:00.0000000,2017,10
570,October 2017,U.S. Cotton Supply and Use,Production,,Cotton,United States,2017/18,Proj.,Annual,21.12,Million 480 Pound Bales,2017-10-12,12:00:00.0000000,2017,10
571,November 2017,U.S. Cotton Supply and Use,Production,,Cotton,United States,2015/16,,Annual,12.89,Million 480 Pound Bales,2017-11-09,12:00:00.0000000,2017,11
571,November 2017,U.S. Cotton Supply and Use,Production,,Cotton,United States,2016/17,Est.,Annual,17.17,Million 480 Pound Bales,2017-11-09,12:00:00.0000000,2017,11
571,November 2017,U.S. Cotton Supply and Use,Production,,Cotton,United States,2017/18,Proj.,Annual,21.38,Million 480 Pound Bales,2017-11-09,12:00:00.0000000,2017,11
572,December 2017,U.S. Cotton Supply and Use,Production,,Cotton,United States,2015/16,,Annual,12.89,Million 480 Pound Bales,2017-12-12,12:00:00.0000000,2017,12
572,December 2017,U.S. Cotton Supply and Use,Production,,Cotton,United States,2016/17,Est.,Annual,17.17,Million 480 Pound Bales,2017-12-12,12:00:00.0000000,2017,12
572,December 2017,U.S. Cotton Supply and Use,Production,,Cotton,United States,2017/18,Proj.,Annual,21.44,Million 480 Pound Bales,2017-12-12,12:00:00.0000000,2017,12
573,January 2018,U.S. Cotton Supply and Use,Production,,Cotton,United States,2015/16,,Annual,12.89,Million 480 Pound Bales,2018-01-12,12:00:00.0000000,2018,1
573,January 2018,U.S. Cotton Supply and Use,Production,,Cotton,United States,2016/17,Est.,Annual,17.17,Million 480 Pound Bales,2018-01-12,12:00:00.0000000,2018,1
573,January 2018,U.S. Cotton Supply and Use,Production,,Cotton,United States,2017/18,Proj.,Annual,21.26,Million 480 Pound Bales,2018-01-12,12:00:00.0000000,2018,1
574,February 2018,U.S. Cotton Supply and Use,Production,,Cotton,United States,2015/16,,Annual,12.89,Million 480 Pound Bales,2018-02-08,12:00:00.0000000,2018,2
574,February 2018,U.S. Cotton Supply and Use,Production,,Cotton,United States,2016/17,Est.,Annual,17.17,Million 480 Pound Bales,2018-02-08,12:00:00.0000000,2018,2
574,February 2018,U.S. Cotton Supply and Use,Production,,Cotton,United States,2017/18,Proj.,Annual,21.26,Million 480 Pound Bales,2018-02-08,12:00:00.0000000,2018,2
575,March 2018,U.S. Cotton Supply and Use,Production,,Cotton,United States,2015/16,,Annual,12.89,Million 480 Pound Bales,2018-03-08,12:00:00.0000000,2018,3
575,March 2018,U.S. Cotton Supply and Use,Production,,Cotton,United States,2016/17,Est.,Annual,17.17,Million 480 Pound Bales,2018-03-08,12:00:00.0000000,2018,3
575,March 2018,U.S. Cotton Supply and Use,Production,,Cotton,United States,2017/18,Proj.,Annual,21.03,Million 480 Pound Bales,2018-03-08,12:00:00.0000000,2018,3
576,April 2018,U.S. Cotton Supply and Use,Production,,Cotton,United States,2015/16,,Annual,12.89,Million 480 Pound Bales,2018-04-10,12:00:00.0000000,2018,4
576,April 2018,U.S. Cotton Supply and Use,Production,,Cotton,United States,2016/17,Est.,Annual,17.17,Million 480 Pound Bales,2018-04-10,12:00:00.0000000,2018,4
576,April 2018,U.S. Cotton Supply and Use,Production,,Cotton,United States,2017/18,Proj.,Annual,21.03,Million 480 Pound Bales,2018-04-10,12:00:00.0000000,2018,4
577,May 2018,U.S. Cotton Supply and Use,Production,,Cotton,United States,2016/17,,Annual,17.17,Million 480 Pound Bales,2018-05-10,12:00:00.0000000,2018,5
577,May 2018,U.S. Cotton Supply and Use,Production,,Cotton,United States,2017/18,Est.,Annual,20.92,Million 480 Pound Bales,2018-05-10,12:00:00.0000000,2018,5
577,May 2018,U.S. Cotton Supply and Use,Production,,Cotton,United States,2018/19,Proj.,Annual,19.5,Million 480 Pound Bales,2018-05-10,12:00:00.0000000,2018,5
578,June 2018,U.S. Cotton Supply and Use,Production,,Cotton,United States,2016/17,,Annual,17.17,Million 480 Pound Bales,2018-06-12,12:00:00.0000000,2018,6
578,June 2018,U.S. Cotton Supply and Use,Production,,Cotton,United States,2017/18,Est.,Annual,20.92,Million 480 Pound Bales,2018-06-12,12:00:00.0000000,2018,6
578,June 2018,U.S. Cotton Supply and Use,Production,,Cotton,United States,2018/19,Proj.,Annual,19.5,Million 480 Pound Bales,2018-06-12,12:00:00.0000000,2018,6
579,July 2018,U.S. Cotton Supply and Use,Production,,Cotton,United States,2016/17,,Annual,17.17,Million 480 Pound Bales,2018-07-12,12:00:00.0000000,2018,7
579,July 2018,U.S. Cotton Supply and Use,Production,,Cotton,United States,2017/18,Est.,Annual,20.92,Million 480 Pound Bales,2018-07-12,12:00:00.0000000,2018,7
579,July 2018,U.S. Cotton Supply and Use,Production,,Cotton,United States,2018/19,Proj.,Annual,18.5,Million 480 Pound Bales,2018-07-12,12:00:00.0000000,2018,7
580,August 2018,U.S. Cotton Supply and Use,Production,,Cotton,United States,2016/17,,Annual,17.17,Million 480 Pound Bales,2018-08-10,12:00:00.0000000,2018,8
580,August 2018,U.S. Cotton Supply and Use,Production,,Cotton,United States,2017/18,Est.,Annual,20.92,Million 480 Pound Bales,2018-08-10,12:00:00.0000000,2018,8
580,August 2018,U.S. Cotton Supply and Use,Production,,Cotton,United States,2018/19,Proj.,Annual,19.24,Million 480 Pound Bales,2018-08-10,12:00:00.0000000,2018,8
581,September 2018,U.S. Cotton Supply and Use,Production,,Cotton,United States,2016/17,,Annual,17.17,Million 480 Pound Bales,2018-09-12,12:00:00.0000000,2018,9
581,September 2018,U.S. Cotton Supply and Use,Production,,Cotton,United States,2017/18,Est.,Annual,20.92,Million 480 Pound Bales,2018-09-12,12:00:00.0000000,2018,9
581,September 2018,U.S. Cotton Supply and Use,Production,,Cotton,United States,2018/19,Proj.,Annual,19.68,Million 480 Pound Bales,2018-09-12,12:00:00.0000000,2018,9
582,October 2018,U.S. Cotton Supply and Use,Production,,Cotton,United States,2016/17,,Annual,17.17,Million 480 Pound Bales,2018-10-11,12:00:00.0000000,2018,10
582,October 2018,U.S. Cotton Supply and Use,Production,,Cotton,United States,2017/18,Est.,Annual,20.92,Million 480 Pound Bales,2018-10-11,12:00:00.0000000,2018,10
582,October 2018,U.S. Cotton Supply and Use,Production,,Cotton,United States,2018/19,Proj.,Annual,19.76,Million 480 Pound Bales,2018-10-11,12:00:00.0000000,2018,10
583,November 2018,U.S. Cotton Supply and Use,Production,,Cotton,United States,2016/17,,Annual,17.17,Million 480 Pound Bales,2018-11-08,12:00:00.0000000,2018,11
583,November 2018,U.S. Cotton Supply and Use,Production,,Cotton,United States,2017/18,Est.,Annual,20.92,Million 480 Pound Bales,2018-11-08,12:00:00.0000000,2018,11
583,November 2018,U.S. Cotton Supply and Use,Production,,Cotton,United States,2018/19,Proj.,Annual,18.41,Million 480 Pound Bales,2018-11-08,12:00:00.0000000,2018,11
584,December 2018,U.S. Cotton Supply and Use,Production,,Cotton,United States,2016/17,,Annual,17.17,Million 480 Pound Bales,2018-12-11,12:00:00.0000000,2018,12
584,December 2018,U.S. Cotton Supply and Use,Production,,Cotton,United States,2017/18,Est.,Annual,20.92,Million 480 Pound Bales,2018-12-11,12:00:00.0000000,2018,12
584,December 2018,U.S. Cotton Supply and Use,Production,,Cotton,United States,2018/19,Proj.,Annual,18.59,Million 480 Pound Bales,2018-12-11,12:00:00.0000000,2018,12
585,February 2019,U.S. Cotton Supply and Use,Production,,Cotton,United States,2016/17,,Annual,17.17,Million 480 Pound Bales,2019-02-08,12:00:00.0000000,2019,2
585,February 2019,U.S. Cotton Supply and Use,Production,,Cotton,United States,2017/18,Est.,Annual,20.92,Million 480 Pound Bales,2019-02-08,12:00:00.0000000,2019,2
585,February 2019,U.S. Cotton Supply and Use,Production,,Cotton,United States,2018/19,Proj.,Annual,18.39,Million 480 Pound Bales,2019-02-08,12:00:00.0000000,2019,2
586,March 2019,U.S. Cotton Supply and Use,Production,,Cotton,United States,2016/17,,Annual,17.17,Million 480 Pound Bales,2019-03-08,12:00:00.0000000,2019,3
586,March 2019,U.S. Cotton Supply and Use,Production,,Cotton,United States,2017/18,Est.,Annual,20.92,Million 480 Pound Bales,2019-03-08,12:00:00.0000000,2019,3
586,March 2019,U.S. Cotton Supply and Use,Production,,Cotton,United States,2018/19,Proj.,Annual,18.39,Million 480 Pound Bales,2019-03-08,12:00:00.0000000,2019,3
587,April 2019,U.S. Cotton Supply and Use,Production,,Cotton,United States,2016/17,,Annual,17.17,Million 480 Pound Bales,2019-04-09,12:00:00.0000000,2019,4
587,April 2019,U.S. Cotton Supply and Use,Production,,Cotton,United States,2017/18,Est.,Annual,20.92,Million 480 Pound Bales,2019-04-09,12:00:00.0000000,2019,4
587,April 2019,U.S. Cotton Supply and Use,Production,,Cotton,United States,2018/19,Proj.,Annual,18.39,Million 480 Pound Bales,2019-04-09,12:00:00.0000000,2019,4
588,May 2019,U.S. Cotton Supply and Use,Production,,Cotton,United States,2017/18,,Annual,20.92,Million 480 Pound Bales,2019-05-10,12:00:00.0000000,2019,5
588,May 2019,U.S. Cotton Supply and Use,Production,,Cotton,United States,2018/19,Est.,Annual,18.37,Million 480 Pound Bales,2019-05-10,12:00:00.0000000,2019,5
588,May 2019,U.S. Cotton Supply and Use,Production,,Cotton,United States,2019/20,Proj.,Annual,22.0,Million 480 Pound Bales,2019-05-10,12:00:00.0000000,2019,5
589,June 2019,U.S. Cotton Supply and Use,Production,,Cotton,United States,2017/18,,Annual,20.92,Million 480 Pound Bales,2019-06-11,12:00:00.0000000,2019,6
589,June 2019,U.S. Cotton Supply and Use,Production,,Cotton,United States,2018/19,Est.,Annual,18.37,Million 480 Pound Bales,2019-06-11,12:00:00.0000000,2019,6
589,June 2019,U.S. Cotton Supply and Use,Production,,Cotton,United States,2019/20,Proj.,Annual,22.0,Million 480 Pound Bales,2019-06-11,12:00:00.0000000,2019,6
590,July 2019,U.S. Cotton Supply and Use,Production,,Cotton,United States,2017/18,,Annual,20.92,Million 480 Pound Bales,2019-07-11,12:00:00.0000000,2019,7
590,July 2019,U.S. Cotton Supply and Use,Production,,Cotton,United States,2018/19,Est.,Annual,18.37,Million 480 Pound Bales,2019-07-11,12:00:00.0000000,2019,7
590,July 2019,U.S. Cotton Supply and Use,Production,,Cotton,United States,2019/20,Proj.,Annual,22.0,Million 480 Pound Bales,2019-07-11,12:00:00.0000000,2019,7
591,August 2019,U.S. Cotton Supply and Use,Production,,Cotton,United States,2017/18,,Annual,20.92,Million 480 Pound Bales,2019-08-12,12:00:00.0000000,2019,8
591,August 2019,U.S. Cotton Supply and Use,Production,,Cotton,United States,2018/19,Est.,Annual,18.37,Million 480 Pound Bales,2019-08-12,12:00:00.0000000,2019,8
591,August 2019,U.S. Cotton Supply and Use,Production,,Cotton,United States,2019/20,Proj.,Annual,22.52,Million 480 Pound Bales,2019-08-12,12:00:00.0000000,2019,8
592,September 2019,U.S. Cotton Supply and Use,Production,,Cotton,United States,2017/18,,Annual,20.92,Million 480 Pound Bales,2019-09-12,12:00:00.0000000,2019,9
592,September 2019,U.S. Cotton Supply and Use,Production,,Cotton,United States,2018/19,Est.,Annual,18.37,Million 480 Pound Bales,2019-09-12,12:00:00.0000000,2019,9
592,September 2019,U.S. Cotton Supply and Use,Production,,Cotton,United States,2019/20,Proj.,Annual,21.86,Million 480 Pound Bales,2019-09-12,12:00:00.0000000,2019,9
593,October 2019,U.S. Cotton Supply and Use,Production,,Cotton,United States,2017/18,,Annual,20.92,Million 480 Pound Bales,2019-10-10,12:00:00.0000000,2019,10
593,October 2019,U.S. Cotton Supply and Use,Production,,Cotton,United States,2018/19,Est.,Annual,18.37,Million 480 Pound Bales,2019-10-10,12:00:00.0000000,2019,10
593,October 2019,U.S. Cotton Supply and Use,Production,,Cotton,United States,2019/20,Proj.,Annual,21.71,Million 480 Pound Bales,2019-10-10,12:00:00.0000000,2019,10
594,November 2019,U.S. Cotton Supply and Use,Production,,Cotton,United States,2017/18,,Annual,20.92,Million 480 Pound Bales,2019-11-08,12:00:00.0000000,2019,11
594,November 2019,U.S. Cotton Supply and Use,Production,,Cotton,United States,2018/19,Est.,Annual,18.37,Million 480 Pound Bales,2019-11-08,12:00:00.0000000,2019,11
594,November 2019,U.S. Cotton Supply and Use,Production,,Cotton,United States,2019/20,Proj.,Annual,20.82,Million 480 Pound Bales,2019-11-08,12:00:00.0000000,2019,11
595,December 2019,U.S. Cotton Supply and Use,Production,,Cotton,United States,2017/18,,Annual,20.92,Million 480 Pound Bales,2019-12-10,12:00:00.0000000,2019,12
595,December 2019,U.S. Cotton Supply and Use,Production,,Cotton,United States,2018/19,Est.,Annual,18.37,Million 480 Pound Bales,2019-12-10,12:00:00.0000000,2019,12
595,December 2019,U.S. Cotton Supply and Use,Production,,Cotton,United States,2019/20,Proj.,Annual,20.21,Million 480 Pound Bales,2019-12-10,12:00:00.0000000,2019,12
596,January 2020,U.S. Cotton Supply and Use,Production,,Cotton,United States,2017/18,,Annual,20.92,Million 480 Pound Bales,2020-01-10,12:00:00.0000000,2020,1
596,January 2020,U.S. Cotton Supply and Use,Production,,Cotton,United States,2018/19,Est.,Annual,18.37,Million 480 Pound Bales,2020-01-10,12:00:00.0000000,2020,1
596,January 2020,U.S. Cotton Supply and Use,Production,,Cotton,United States,2019/20,Proj.,Annual,20.1,Million 480 Pound Bales,2020-01-10,12:00:00.0000000,2020,1
597,February 2020,U.S. Cotton Supply and Use,Production,,Cotton,United States,2017/18,,Annual,20.92,Million 480 Pound Bales,2020-02-11,12:00:00.0000000,2020,2
597,February 2020,U.S. Cotton Supply and Use,Production,,Cotton,United States,2018/19,Est.,Annual,18.37,Million 480 Pound Bales,2020-02-11,12:00:00.0000000,2020,2
597,February 2020,U.S. Cotton Supply and Use,Production,,Cotton,United States,2019/20,Proj.,Annual,20.1,Million 480 Pound Bales,2020-02-11,12:00:00.0000000,2020,2
598,March 2020,U.S. Cotton Supply and Use,Production,,Cotton,United States,2017/18,,Annual,20.92,Million 480 Pound Bales,2020-03-10,12:00:00.0000000,2020,3
598,March 2020,U.S. Cotton Supply and Use,Production,,Cotton,United States,2018/19,Est.,Annual,18.37,Million 480 Pound Bales,2020-03-10,12:00:00.0000000,2020,3
598,March 2020,U.S. Cotton Supply and Use,Production,,Cotton,United States,2019/20,Proj.,Annual,19.8,Million 480 Pound Bales,2020-03-10,12:00:00.0000000,2020,3
599,April 2020,U.S. Cotton Supply and Use,Production,,Cotton,United States,2017/18,,Annual,20.92,Million 480 Pound Bales,2020-04-09,12:00:00.0000000,2020,4
599,April 2020,U.S. Cotton Supply and Use,Production,,Cotton,United States,2018/19,Est.,Annual,18.37,Million 480 Pound Bales,2020-04-09,12:00:00.0000000,2020,4
599,April 2020,U.S. Cotton Supply and Use,Production,,Cotton,United States,2019/20,Proj.,Annual,19.8,Million 480 Pound Bales,2020-04-09,12:00:00.0000000,2020,4
600,May 2020,U.S. Cotton Supply and Use,Production,,Cotton,United States,2018/19,,Annual,18.37,Million 480 Pound Bales,2020-05-12,12:00:00.0000000,2020,5
600,May 2020,U.S. Cotton Supply and Use,Production,,Cotton,United States,2019/20,Est.,Annual,19.91,Million 480 Pound Bales,2020-05-12,12:00:00.0000000,2020,5
600,May 2020,U.S. Cotton Supply and Use,Production,,Cotton,United States,2020/21,Proj.,Annual,19.5,Million 480 Pound Bales,2020-05-12,12:00:00.0000000,2020,5
601,June 2020,U.S. Cotton Supply and Use,Production,,Cotton,United States,2018/19,,Annual,18.37,Million 480 Pound Bales,2020-06-11,12:00:00.0000000,2020,6
601,June 2020,U.S. Cotton Supply and Use,Production,,Cotton,United States,2019/20,Est.,Annual,19.91,Million 480 Pound Bales,2020-06-11,12:00:00.0000000,2020,6
601,June 2020,U.S. Cotton Supply and Use,Production,,Cotton,United States,2020/21,Proj.,Annual,19.5,Million 480 Pound Bales,2020-06-11,12:00:00.0000000,2020,6
602,July 2020,U.S. Cotton Supply and Use,Production,,Cotton,United States,2018/19,,Annual,18.37,Million 480 Pound Bales,2020-07-10,12:00:00.0000000,2020,7
602,July 2020,U.S. Cotton Supply and Use,Production,,Cotton,United States,2019/20,Est.,Annual,19.91,Million 480 Pound Bales,2020-07-10,12:00:00.0000000,2020,7
602,July 2020,U.S. Cotton Supply and Use,Production,,Cotton,United States,2020/21,Proj.,Annual,17.5,Million 480 Pound Bales,2020-07-10,12:00:00.0000000,2020,7
603,August 2020,U.S. Cotton Supply and Use,Production,,Cotton,United States,2018/19,,Annual,18.37,Million 480 Pound Bales,2020-08-12,12:00:00.0000000,2020,8
603,August 2020,U.S. Cotton Supply and Use,Production,,Cotton,United States,2019/20,Est.,Annual,19.91,Million 480 Pound Bales,2020-08-12,12:00:00.0000000,2020,8
603,August 2020,U.S. Cotton Supply and Use,Production,,Cotton,United States,2020/21,Proj.,Annual,18.08,Million 480 Pound Bales,2020-08-12,12:00:00.0000000,2020,8
604,September 2020,U.S. Cotton Supply and Use,Production,,Cotton,United States,2018/19,,Annual,18.37,Million 480 Pound Bales,2020-09-11,12:00:00.0000000,2020,9
604,September 2020,U.S. Cotton Supply and Use,Production,,Cotton,United States,2019/20,Est.,Annual,19.91,Million 480 Pound Bales,2020-09-11,12:00:00.0000000,2020,9
604,September 2020,U.S. Cotton Supply and Use,Production,,Cotton,United States,2020/21,Proj.,Annual,17.06,Million 480 Pound Bales,2020-09-11,12:00:00.0000000,2020,9
605,October 2020,U.S. Cotton Supply and Use,Production,,Cotton,United States,2018/19,,Annual,18.37,Million 480 Pound Bales,2020-10-09,12:00:00.0000000,2020,10
605,October 2020,U.S. Cotton Supply and Use,Production,,Cotton,United States,2019/20,Est.,Annual,19.91,Million 480 Pound Bales,2020-10-09,12:00:00.0000000,2020,10
605,October 2020,U.S. Cotton Supply and Use,Production,,Cotton,United States,2020/21,Proj.,Annual,17.05,Million 480 Pound Bales,2020-10-09,12:00:00.0000000,2020,10
606,November 2020,U.S. Cotton Supply and Use,Production,,Cotton,United States,2018/19,,Annual,18.37,Million 480 Pound Bales,2020-11-10,12:00:00.0000000,2020,11
606,November 2020,U.S. Cotton Supply and Use,Production,,Cotton,United States,2019/20,Est.,Annual,19.91,Million 480 Pound Bales,2020-11-10,12:00:00.0000000,2020,11
606,November 2020,U.S. Cotton Supply and Use,Production,,Cotton,United States,2020/21,Proj.,Annual,17.09,Million 480 Pound Bales,2020-11-10,12:00:00.0000000,2020,11
607,December 2020,U.S. Cotton Supply and Use,Production,,Cotton,United States,2018/19,,Annual,18.37,Million 480 Pound Bales,2020-12-10,12:00:00.0000000,2020,12
607,December 2020,U.S. Cotton Supply and Use,Production,,Cotton,United States,2019/20,Est.,Annual,19.91,Million 480 Pound Bales,2020-12-10,12:00:00.0000000,2020,12
607,December 2020,U.S. Cotton Supply and Use,Production,,Cotton,United States,2020/21,Proj.,Annual,15.95,Million 480 Pound Bales,2020-12-10,12:00:00.0000000,2020,12
608,January 2021,U.S. Cotton Supply and Use,Production,,Cotton,United States,2018/19,,Annual,18.37,Million 480 Pound Bales,2021-01-12,12:00:00,2021,1
608,January 2021,U.S. Cotton Supply and Use,Production,,Cotton,United States,2019/20,Est.,Annual,19.91,Million 480 Pound Bales,2021-01-12,12:00:00,2021,1
608,January 2021,U.S. Cotton Supply and Use,Production,,Cotton,United States,2020/21,Proj.,Annual,14.95,Million 480 Pound Bales,2021-01-12,12:00:00,2021,1
609,February 2021,U.S. Cotton Supply and Use,Production,,Cotton,United States,2018/19,,Annual,18.37,Million 480 Pound Bales,2021-02-09,12:00:00,2021,2
609,February 2021,U.S. Cotton Supply and Use,Production,,Cotton,United States,2019/20,Est.,Annual,19.91,Million 480 Pound Bales,2021-02-09,12:00:00,2021,2
609,February 2021,U.S. Cotton Supply and Use,Production,,Cotton,United States,2020/21,Proj.,Annual,14.95,Million 480 Pound Bales,2021-02-09,12:00:00,2021,2
610,March 2021,U.S. Cotton Supply and Use,Production,,Cotton,United States,2018/19,,Annual,18.37,Million 480 Pound Bales,2021-03-09,12:00:00,2021,3
610,March 2021,U.S. Cotton Supply and Use,Production,,Cotton,United States,2019/20,Est.,Annual,19.91,Million 480 Pound Bales,2021-03-09,12:00:00,2021,3
610,March 2021,U.S. Cotton Supply and Use,Production,,Cotton,United States,2020/21,Proj.,Annual,14.7,Million 480 Pound Bales,2021-03-09,12:00:00,2021,3
611,April 2021,U.S. Cotton Supply and Use,Production,,Cotton,United States,2018/19,,Annual,18.37,Million 480 Pound Bales,2021-04-09,12:00:00,2021,4
611,April 2021,U.S. Cotton Supply and Use,Production,,Cotton,United States,2019/20,Est.,Annual,19.91,Million 480 Pound Bales,2021-04-09,12:00:00,2021,4
611,April 2021,U.S. Cotton Supply and Use,Production,,Cotton,United States,2020/21,Proj.,Annual,14.7,Million 480 Pound Bales,2021-04-09,12:00:00,2021,4
612,May 2021,U.S. Cotton Supply and Use,Production,,Cotton,United States,2019/20,,Annual,19.91,Million 480 Pound Bales,2021-05-12,12:00:00.0000000,2021,5
612,May 2021,U.S. Cotton Supply and Use,Production,,Cotton,United States,2020/21,Est.,Annual,14.61,Million 480 Pound Bales,2021-05-12,12:00:00.0000000,2021,5
612,May 2021,U.S. Cotton Supply and Use,Production,,Cotton,United States,2021/22,Proj.,Annual,17.0,Million 480 Pound Bales,2021-05-12,12:00:00.0000000,2021,5
613,June 2021,U.S. Cotton Supply and Use,Production,,Cotton,United States,2019/20,,Annual,19.91,Million 480 Pound Bales,2021-06-10,12:00:00.0000000,2021,6
613,June 2021,U.S. Cotton Supply and Use,Production,,Cotton,United States,2020/21,Est.,Annual,14.61,Million 480 Pound Bales,2021-06-10,12:00:00.0000000,2021,6
613,June 2021,U.S. Cotton Supply and Use,Production,,Cotton,United States,2021/22,Proj.,Annual,17.0,Million 480 Pound Bales,2021-06-10,12:00:00.0000000,2021,6
614,July 2021,U.S. Cotton Supply and Use,Production,,Cotton,United States,2019/20,,Annual,19.91,Million 480 Pound Bales,2021-07-12,12:00:00.0000000,2021,7
614,July 2021,U.S. Cotton Supply and Use,Production,,Cotton,United States,2020/21,Est.,Annual,14.61,Million 480 Pound Bales,2021-07-12,12:00:00.0000000,2021,7
614,July 2021,U.S. Cotton Supply and Use,Production,,Cotton,United States,2021/22,Proj.,Annual,17.8,Million 480 Pound Bales,2021-07-12,12:00:00.0000000,2021,7
615,August 2021,U.S. Cotton Supply and Use,Production,,Cotton,United States,2019/20,,Annual,19.91,Million 480 Pound Bales,2021-08-12,12:00:00.0000000,2021,8
615,August 2021,U.S. Cotton Supply and Use,Production,,Cotton,United States,2020/21,Est.,Annual,14.61,Million 480 Pound Bales,2021-08-12,12:00:00.0000000,2021,8
615,August 2021,U.S. Cotton Supply and Use,Production,,Cotton,United States,2021/22,Proj.,Annual,17.26,Million 480 Pound Bales,2021-08-12,12:00:00.0000000,2021,8
616,September 2021,U.S. Cotton Supply and Use,Production,,Cotton,United States,2019/20,,Annual,19.91,Million 480 Pound Bales,2021-09-10,12:00:00.0000000,2021,9
616,September 2021,U.S. Cotton Supply and Use,Production,,Cotton,United States,2020/21,Est.,Annual,14.61,Million 480 Pound Bales,2021-09-10,12:00:00.0000000,2021,9
616,September 2021,U.S. Cotton Supply and Use,Production,,Cotton,United States,2021/22,Proj.,Annual,18.51,Million 480 Pound Bales,2021-09-10,12:00:00.0000000,2021,9
617,October 2021,U.S. Cotton Supply and Use,Production,,Cotton,United States,2019/20,,Annual,19.91,Million 480 Pound Bales,2021-10-12,12:00:00.0000000,2021,10
617,October 2021,U.S. Cotton Supply and Use,Production,,Cotton,United States,2020/21,Est.,Annual,14.61,Million 480 Pound Bales,2021-10-12,12:00:00.0000000,2021,10
617,October 2021,U.S. Cotton Supply and Use,Production,,Cotton,United States,2021/22,Proj.,Annual,18.0,Million 480 Pound Bales,2021-10-12,12:00:00.0000000,2021,10
618,November 2021,U.S. Cotton Supply and Use,Production,,Cotton,United States,2019/20,,Annual,19.91,Million 480 Pound Bales,2021-11-09,12:00:00,2021,11
618,November 2021,U.S. Cotton Supply and Use,Production,,Cotton,United States,2020/21,Est.,Annual,14.61,Million 480 Pound Bales,2021-11-09,12:00:00,2021,11
618,November 2021,U.S. Cotton Supply and Use,Production,,Cotton,United States,2021/22,Proj.,Annual,18.2,Million 480 Pound Bales,2021-11-09,12:00:00,2021,11
619,December 2021,U.S. Cotton Supply and Use,Production,,Cotton,United States,2019/20,,Annual,19.91,Million 480 Pound Bales,2021-12-09,12:00:00.0000000,2021,12
619,December 2021,U.S. Cotton Supply and Use,Production,,Cotton,United States,2020/21,Est.,Annual,14.61,Million 480 Pound Bales,2021-12-09,12:00:00.0000000,2021,12
619,December 2021,U.S. Cotton Supply and Use,Production,,Cotton,United States,2021/22,Proj.,Annual,18.28,Million 480 Pound Bales,2021-12-09,12:00:00.0000000,2021,12
620,January 2022,U.S. Cotton Supply and Use,Production,,Cotton,United States,2019/20,,Annual,19.91,Million 480 Pound Bales,2022-01-12,12:00:00.0000000,2022,1
620,January 2022,U.S. Cotton Supply and Use,Production,,Cotton,United States,2020/21,Est.,Annual,14.61,Million 480 Pound Bales,2022-01-12,12:00:00.0000000,2022,1
620,January 2022,U.S. Cotton Supply and Use,Production,,Cotton,United States,2021/22,Proj.,Annual,17.62,Million 480 Pound Bales,2022-01-12,12:00:00.0000000,2022,1
621,February 2022,U.S. Cotton Supply and Use,Production,,Cotton,United States,2019/20,,Annual,19.91,Million 480 Pound Bales,2022-02-09,12:00:00.0000000,2022,2
621,February 2022,U.S. Cotton Supply and Use,Production,,Cotton,United States,2020/21,Est.,Annual,14.61,Million 480 Pound Bales,2022-02-09,12:00:00.0000000,2022,2
621,February 2022,U.S. Cotton Supply and Use,Production,,Cotton,United States,2021/22,Proj.,Annual,17.62,Million 480 Pound Bales,2022-02-09,12:00:00.0000000,2022,2
622,March 2022,U.S. Cotton Supply and Use,Production,,Cotton,United States,2019/20,,Annual,19.91,Million 480 Pound Bales,2022-03-09,12:00:00.0000000,2022,3
622,March 2022,U.S. Cotton Supply and Use,Production,,Cotton,United States,2020/21,Est.,Annual,14.61,Million 480 Pound Bales,2022-03-09,12:00:00.0000000,2022,3
622,March 2022,U.S. Cotton Supply and Use,Production,,Cotton,United States,2021/22,Proj.,Annual,17.62,Million 480 Pound Bales,2022-03-09,12:00:00.0000000,2022,3
623,April 2022,U.S. Cotton Supply and Use,Production,,Cotton,United States,2019/20,,Annual,19.91,Million 480 Pound Bales,2022-04-08,12:00:00.0000000,2022,4
623,April 2022,U.S. Cotton Supply and Use,Production,,Cotton,United States,2020/21,Est.,Annual,14.61,Million 480 Pound Bales,2022-04-08,12:00:00.0000000,2022,4
623,April 2022,U.S. Cotton Supply and Use,Production,,Cotton,United States,2021/22,Proj.,Annual,17.62,Million 480 Pound Bales,2022-04-08,12:00:00.0000000,2022,4
624,May 2022,U.S. Cotton Supply and Use,Production,,Cotton,United States,2020/21,,Annual,14.61,Million 480 Pound Bales,2022-05-12,12:00:00.0000000,2022,5
624,May 2022,U.S. Cotton Supply and Use,Production,,Cotton,United States,2021/22,Est.,Annual,17.52,Million 480 Pound Bales,2022-05-12,12:00:00.0000000,2022,5
624,May 2022,U.S. Cotton Supply and Use,Production,,Cotton,United States,2022/23,Proj.,Annual,16.5,Million 480 Pound Bales,2022-05-12,12:00:00.0000000,2022,5
625,June 2022,U.S. Cotton Supply and Use,Production,,Cotton,United States,2020/21,,Annual,14.61,Million 480 Pound Bales,2022-06-10,12:00:00.0000000,2022,6
625,June 2022,U.S. Cotton Supply and Use,Production,,Cotton,United States,2021/22,Est.,Annual,17.52,Million 480 Pound Bales,2022-06-10,12:00:00.0000000,2022,6
625,June 2022,U.S. Cotton Supply and Use,Production,,Cotton,United States,2022/23,Proj.,Annual,16.5,Million 480 Pound Bales,2022-06-10,12:00:00.0000000,2022,6
626,July 2022,U.S. Cotton Supply and Use,Production,,Cotton,United States,2020/21,,Annual,14.61,Million 480 Pound Bales,2022-07-12,12:00:00.0000000,2022,7
626,July 2022,U.S. Cotton Supply and Use,Production,,Cotton,United States,2021/22,Est.,Annual,17.52,Million 480 Pound Bales,2022-07-12,12:00:00.0000000,2022,7
626,July 2022,U.S. Cotton Supply and Use,Production,,Cotton,United States,2022/23,Proj.,Annual,15.5,Million 480 Pound Bales,2022-07-12,12:00:00.0000000,2022,7
627,August 2022,U.S. Cotton Supply and Use,Production,,Cotton,United States,2020/21,,Annual,14.61,Million 480 Pound Bales,2022-08-12,12:00:00.0000000,2022,8
627,August 2022,U.S. Cotton Supply and Use,Production,,Cotton,United States,2021/22,Est.,Annual,17.52,Million 480 Pound Bales,2022-08-12,12:00:00.0000000,2022,8
627,August 2022,U.S. Cotton Supply and Use,Production,,Cotton,United States,2022/23,Proj.,Annual,12.57,Million 480 Pound Bales,2022-08-12,12:00:00.0000000,2022,8
628,September 2022,U.S. Cotton Supply and Use,Production,,Cotton,United States,2020/21,,Annual,14.61,Million 480 Pound Bales,2022-09-12,12:00:00.0000000,2022,9
628,September 2022,U.S. Cotton Supply and Use,Production,,Cotton,United States,2021/22,Est.,Annual,17.52,Million 480 Pound Bales,2022-09-12,12:00:00.0000000,2022,9
628,September 2022,U.S. Cotton Supply and Use,Production,,Cotton,United States,2022/23,Proj.,Annual,13.83,Million 480 Pound Bales,2022-09-12,12:00:00.0000000,2022,9
630,November 2022,U.S. Cotton Supply and Use,Production,,Cotton,United States,2020/21,,Annual,14.61,Million 480 Pound Bales,2022-11-09,12:00:00.0000000,2022,11
630,November 2022,U.S. Cotton Supply and Use,Production,,Cotton,United States,2021/22,Est.,Annual,17.52,Million 480 Pound Bales,2022-11-09,12:00:00.0000000,2022,11
630,November 2022,U.S. Cotton Supply and Use,Production,,Cotton,United States,2022/23,Proj.,Annual,14.03,Million 480 Pound Bales,2022-11-09,12:00:00.0000000,2022,11
631,December 2022,U.S. Cotton Supply and Use,Production,,Cotton,United States,2020/21,,Annual,14.61,Million 480 Pound Bales,2022-12-09,12:00:00.0000000,2022,12
631,December 2022,U.S. Cotton Supply and Use,Production,,Cotton,United States,2021/22,Est.,Annual,17.52,Million 480 Pound Bales,2022-12-09,12:00:00.0000000,2022,12
631,December 2022,U.S. Cotton Supply and Use,Production,,Cotton,United States,2022/23,Proj.,Annual,14.24,Million 480 Pound Bales,2022-12-09,12:00:00.0000000,2022,12
632,January 2023,U.S. Cotton Supply and Use,Production,,Cotton,United States,2020/21,,Annual,14.61,Million 480 Pound Bales,2023-01-12,12:00:00.0000000,2023,1
632,January 2023,U.S. Cotton Supply and Use,Production,,Cotton,United States,2021/22,Est.,Annual,17.52,Million 480 Pound Bales,2023-01-12,12:00:00.0000000,2023,1
632,January 2023,U.S. Cotton Supply and Use,Production,,Cotton,United States,2022/23,Proj.,Annual,14.68,Million 480 Pound Bales,2023-01-12,12:00:00.0000000,2023,1
633,February 2023,U.S. Cotton Supply and Use,Production,,Cotton,United States,2020/21,,Annual,14.61,Million 480 Pound Bales,2023-02-08,12:00:00.0000000,2023,2
633,February 2023,U.S. Cotton Supply and Use,Production,,Cotton,United States,2021/22,Est.,Annual,17.52,Million 480 Pound Bales,2023-02-08,12:00:00.0000000,2023,2
633,February 2023,U.S. Cotton Supply and Use,Production,,Cotton,United States,2022/23,Proj.,Annual,14.68,Million 480 Pound Bales,2023-02-08,12:00:00.0000000,2023,2
634,March 2023,U.S. Cotton Supply and Use,Production,,Cotton,United States,2020/21,,Annual,14.61,Million 480 Pound Bales,2023-03-08,12:00:00.0000000,2023,3
634,March 2023,U.S. Cotton Supply and Use,Production,,Cotton,United States,2021/22,Est.,Annual,17.52,Million 480 Pound Bales,2023-03-08,12:00:00.0000000,2023,3
634,March 2023,U.S. Cotton Supply and Use,Production,,Cotton,United States,2022/23,Proj.,Annual,14.68,Million 480 Pound Bales,2023-03-08,12:00:00.0000000,2023,3
635,April 2023,U.S. Cotton Supply and Use,Production,,Cotton,United States,2020/21,,Annual,14.61,Million 480 Pound Bales,2023-04-11,12:00:00.0000000,2023,4
635,April 2023,U.S. Cotton Supply and Use,Production,,Cotton,United States,2021/22,Est.,Annual,17.52,Million 480 Pound Bales,2023-04-11,12:00:00.0000000,2023,4
635,April 2023,U.S. Cotton Supply and Use,Production,,Cotton,United States,2022/23,Proj.,Annual,14.68,Million 480 Pound Bales,2023-04-11,12:00:00.0000000,2023,4
636,May 2023,U.S. Cotton Supply and Use,Production,,Cotton,United States,2021/22,,Annual,17.52,Million 480 Pound Bales,2023-05-12,12:00:00.0000000,2023,5
636,May 2023,U.S. Cotton Supply and Use,Production,,Cotton,United States,2022/23,Est.,Annual,14.47,Million 480 Pound Bales,2023-05-12,12:00:00.0000000,2023,5
636,May 2023,U.S. Cotton Supply and Use,Production,,Cotton,United States,2023/24,Proj.,Annual,15.5,Million 480 Pound Bales,2023-05-12,12:00:00.0000000,2023,5
637,June 2023,U.S. Cotton Supply and Use,Production,,Cotton,United States,2021/22,,Annual,17.52,Million 480 Pound Bales,2023-06-09,12:00:00.0000000,2023,6
637,June 2023,U.S. Cotton Supply and Use,Production,,Cotton,United States,2022/23,Est.,Annual,14.47,Million 480 Pound Bales,2023-06-09,12:00:00.0000000,2023,6
637,June 2023,U.S. Cotton Supply and Use,Production,,Cotton,United States,2023/24,Proj.,Annual,16.5,Million 480 Pound Bales,2023-06-09,12:00:00.0000000,2023,6
638,July 2023,U.S. Cotton Supply and Use,Production,,Cotton,United States,2021/22,,Annual,17.52,Million 480 Pound Bales,2023-07-12,12:00:00.0000000,2023,7
638,July 2023,U.S. Cotton Supply and Use,Production,,Cotton,United States,2022/23,Est.,Annual,14.47,Million 480 Pound Bales,2023-07-12,12:00:00.0000000,2023,7
638,July 2023,U.S. Cotton Supply and Use,Production,,Cotton,United States,2023/24,Proj.,Annual,16.5,Million 480 Pound Bales,2023-07-12,12:00:00.0000000,2023,7
639,August 2023,U.S. Cotton Supply and Use,Production,,Cotton,United States,2021/22,,Annual,17.52,Million 480 Pound Bales,2023-08-11,12:00:00.0000000,2023,8
639,August 2023,U.S. Cotton Supply and Use,Production,,Cotton,United States,2022/23,Est.,Annual,14.47,Million 480 Pound Bales,2023-08-11,12:00:00.0000000,2023,8
639,August 2023,U.S. Cotton Supply and Use,Production,,Cotton,United States,2023/24,Proj.,Annual,13.99,Million 480 Pound Bales,2023-08-11,12:00:00.0000000,2023,8
640,September 2023,U.S. Cotton Supply and Use,Production,,Cotton,United States,2021/22,,Annual,17.52,Million 480 Pound Bales,2023-09-12,12:00:00.0000000,2023,9
640,September 2023,U.S. Cotton Supply and Use,Production,,Cotton,United States,2022/23,Est.,Annual,14.47,Million 480 Pound Bales,2023-09-12,12:00:00.0000000,2023,9
640,September 2023,U.S. Cotton Supply and Use,Production,,Cotton,United States,2023/24,Proj.,Annual,13.13,Million 480 Pound Bales,2023-09-12,12:00:00.0000000,2023,9
641,October 2023,U.S. Cotton Supply and Use,Production,,Cotton,United States,2021/22,,Annual,17.52,Million 480 Pound Bales,2023-10-12,12:00:00.0000000,2023,10
641,October 2023,U.S. Cotton Supply and Use,Production,,Cotton,United States,2022/23,Est.,Annual,14.47,Million 480 Pound Bales,2023-10-12,12:00:00.0000000,2023,10
641,October 2023,U.S. Cotton Supply and Use,Production,,Cotton,United States,2023/24,Proj.,Annual,12.82,Million 480 Pound Bales,2023-10-12,12:00:00.0000000,2023,10
642,November 2023,U.S. Cotton Supply and Use,Production,,Cotton,United States,2021/22,,Annual,17.52,Million 480 Pound Bales,2023-11-09,12:00:00.0000000,2023,11
642,November 2023,U.S. Cotton Supply and Use,Production,,Cotton,United States,2022/23,Est.,Annual,14.47,Million 480 Pound Bales,2023-11-09,12:00:00.0000000,2023,11
642,November 2023,U.S. Cotton Supply and Use,Production,,Cotton,United States,2023/24,Proj.,Annual,13.09,Million 480 Pound Bales,2023-11-09,12:00:00.0000000,2023,11
643,December 2023,U.S. Cotton Supply and Use,Production,,Cotton,United States,2021/22,,Annual,17.52,Million 480 Pound Bales,2023-12-08,12:00:00.0000000,2023,12
643,December 2023,U.S. Cotton Supply and Use,Production,,Cotton,United States,2022/23,Est.,Annual,14.47,Million 480 Pound Bales,2023-12-08,12:00:00.0000000,2023,12
643,December 2023,U.S. Cotton Supply and Use,Production,,Cotton,United States,2023/24,Proj.,Annual,12.78,Million 480 Pound Bales,2023-12-08,12:00:00.0000000,2023,12
644,January 2024,U.S. Cotton Supply and Use,Production,,Cotton,United States,2021/22,,Annual,17.52,Million 480 Pound Bales,2024-01-12,12:00:00.0000000,2024,1
644,January 2024,U.S. Cotton Supply and Use,Production,,Cotton,United States,2022/23,Est.,Annual,14.47,Million 480 Pound Bales,2024-01-12,12:00:00.0000000,2024,1
644,January 2024,U.S. Cotton Supply and Use,Production,,Cotton,United States,2023/24,Proj.,Annual,12.43,Million 480 Pound Bales,2024-01-12,12:00:00.0000000,2024,1
645,February 2024,U.S. Cotton Supply and Use,Production,,Cotton,United States,2021/22,,Annual,17.52,Million 480 Pound Bales,2024-02-08,12:00:00.0000000,2024,2
645,February 2024,U.S. Cotton Supply and Use,Production,,Cotton,United States,2022/23,Est.,Annual,14.47,Million 480 Pound Bales,2024-02-08,12:00:00.0000000,2024,2
645,February 2024,U.S. Cotton Supply and Use,Production,,Cotton,United States,2023/24,Proj.,Annual,12.43,Million 480 Pound Bales,2024-02-08,12:00:00.0000000,2024,2
646,March 2024,U.S. Cotton Supply and Use,Production,,Cotton,United States,2021/22,,Annual,17.52,Million 480 Pound Bales,2024-03-08,12:00:00.0000000,2024,3
646,March 2024,U.S. Cotton Supply and Use,Production,,Cotton,United States,2022/23,Est.,Annual,14.47,Million 480 Pound Bales,2024-03-08,12:00:00.0000000,2024,3
646,March 2024,U.S. Cotton Supply and Use,Production,,Cotton,United States,2023/24,Proj.,Annual,12.1,Million 480 Pound Bales,2024-03-08,12:00:00.0000000,2024,3
647,April 2024,U.S. Cotton Supply and Use,Production,,Cotton,United States,2021/22,,Annual,17.52,Million 480 Pound Bales,2024-04-11,12:00:00.0000000,2024,4
647,April 2024,U.S. Cotton Supply and Use,Production,,Cotton,United States,2022/23,Est.,Annual,14.47,Million 480 Pound Bales,2024-04-11,12:00:00.0000000,2024,4
647,April 2024,U.S. Cotton Supply and Use,Production,,Cotton,United States,2023/24,Proj.,Annual,12.1,Million 480 Pound Bales,2024-04-11,12:00:00.0000000,2024,4
648,May 2024,U.S. Cotton Supply and Use,Production,,Cotton,United States,2022/23,,Annual,14.47,Million 480 Pound Bales,2024-05-10,12:00:00.0000000,2024,5
648,May 2024,U.S. Cotton Supply and Use,Production,,Cotton,United States,2023/24,Est.,Annual,12.07,Million 480 Pound Bales,2024-05-10,12:00:00.0000000,2024,5
648,May 2024,U.S. Cotton Supply and Use,Production,,Cotton,United States,2024/25,Proj.,Annual,16.0,Million 480 Pound Bales,2024-05-10,12:00:00.0000000,2024,5
649,June 2024,U.S. Cotton Supply and Use,Production,,Cotton,United States,2022/23,,Annual,14.47,Million 480 Pound Bales,2024-06-12,12:00:00.0000000,2024,6
649,June 2024,U.S. Cotton Supply and Use,Production,,Cotton,United States,2023/24,Est.,Annual,12.07,Million 480 Pound Bales,2024-06-12,12:00:00.0000000,2024,6
649,June 2024,U.S. Cotton Supply and Use,Production,,Cotton,United States,2024/25,Proj.,Annual,16.0,Million 480 Pound Bales,2024-06-12,12:00:00.0000000,2024,6
650,July 2024,U.S. Cotton Supply and Use,Production,,Cotton,United States,2022/23,,Annual,14.47,Million 480 Pound Bales,2024-07-12,12:00:00.0000000,2024,7
650,July 2024,U.S. Cotton Supply and Use,Production,,Cotton,United States,2023/24,Est.,Annual,12.07,Million 480 Pound Bales,2024-07-12,12:00:00.0000000,2024,7
650,July 2024,U.S. Cotton Supply and Use,Production,,Cotton,United States,2024/25,Proj.,Annual,17.0,Million 480 Pound Bales,2024-07-12,12:00:00.0000000,2024,7
651,August 2024,U.S. Cotton Supply and Use,Production,,Cotton,United States,2022/23,,Annual,14.47,Million 480 Pound Bales,2024-08-12,12:00:00.0000000,2024,8
651,August 2024,U.S. Cotton Supply and Use,Production,,Cotton,United States,2023/24,Est.,Annual,12.07,Million 480 Pound Bales,2024-08-12,12:00:00.0000000,2024,8
651,August 2024,U.S. Cotton Supply and Use,Production,,Cotton,United States,2024/25,Proj.,Annual,15.11,Million 480 Pound Bales,2024-08-12,12:00:00.0000000,2024,8
652,September 2024,U.S. Cotton Supply and Use,Production,,Cotton,United States,2022/23,,Annual,14.47,Million 480 Pound Bales,2024-09-12,12:00:00.0000000,2024,9
652,September 2024,U.S. Cotton Supply and Use,Production,,Cotton,United States,2023/24,Est.,Annual,12.07,Million 480 Pound Bales,2024-09-12,12:00:00.0000000,2024,9
652,September 2024,U.S. Cotton Supply and Use,Production,,Cotton,United States,2024/25,Proj.,Annual,14.51,Million 480 Pound Bales,2024-09-12,12:00:00.0000000,2024,9
653,October 2024,U.S. Cotton Supply and Use,Production,,Cotton,United States,2022/23,,Annual,14.47,Million 480 Pound Bales,2024-10-11,12:00:00.0000000,2024,10
653,October 2024,U.S. Cotton Supply and Use,Production,,Cotton,United States,2023/24,Est.,Annual,12.07,Million 480 Pound Bales,2024-10-11,12:00:00.0000000,2024,10
653,October 2024,U.S. Cotton Supply and Use,Production,,Cotton,United States,2024/25,Proj.,Annual,14.2,Million 480 Pound Bales,2024-10-11,12:00:00.0000000,2024,10
654,November 2024,U.S. Cotton Supply and Use,Production,,Cotton,United States,2022/23,,Annual,14.47,Million 480 Pound Bales,2024-11-08,12:00:00.0000000,2024,11
654,November 2024,U.S. Cotton Supply and Use,Production,,Cotton,United States,2023/24,Est.,Annual,12.07,Million 480 Pound Bales,2024-11-08,12:00:00.0000000,2024,11
654,November 2024,U.S. Cotton Supply and Use,Production,,Cotton,United States,2024/25,Proj.,Annual,14.19,Million 480 Pound Bales,2024-11-08,12:00:00.0000000,2024,11
655,December 2024,U.S. Cotton Supply and Use,Production,,Cotton,United States,2022/23,,Annual,14.47,Million 480 Pound Bales,2024-12-10,12:00:00.0000000,2024,12
655,December 2024,U.S. Cotton Supply and Use,Production,,Cotton,United States,2023/24,Est.,Annual,12.07,Million 480 Pound Bales,2024-12-10,12:00:00.0000000,2024,12
655,December 2024,U.S. Cotton Supply and Use,Production,,Cotton,United States,2024/25,Proj.,Annual,14.26,Million 480 Pound Bales,2024-12-10,12:00:00.0000000,2024,12
656,January 2025,U.S. Cotton Supply and Use,Production,,Cotton,United States,2022/23,,Annual,14.47,Million 480 Pound Bales,2025-01-10,12:00:00.0000000,2025,1
656,January 2025,U.S. Cotton Supply and Use,Production,,Cotton,United States,2023/24,Est.,Annual,12.07,Million 480 Pound Bales,2025-01-10,12:00:00.0000000,2025,1
656,January 2025,U.S. Cotton Supply and Use,Production,,Cotton,United States,2024/25,Proj.,Annual,14.41,Million 480 Pound Bales,2025-01-10,12:00:00.0000000,2025,1
657,February 2025,U.S. Cotton Supply and Use,Production,,Cotton,United States,2022/23,,Annual,14.47,Million 480 Pound Bales,2025-02-11,12:00:00.0000000,2025,2
657,February 2025,U.S. Cotton Supply and Use,Production,,Cotton,United States,2023/24,Est.,Annual,12.07,Million 480 Pound Bales,2025-02-11,12:00:00.0000000,2025,2
657,February 2025,U.S. Cotton Supply and Use,Production,,Cotton,United States,2024/25,Proj.,Annual,14.41,Million 480 Pound Bales,2025-02-11,12:00:00.0000000,2025,2
658,March 2025,U.S. Cotton Supply and Use,Production,,Cotton,United States,2022/23,,Annual,14.47,Million 480 Pound Bales,2025-03-11,12:00:00.0000000,2025,3
658,March 2025,U.S. Cotton Supply and Use,Production,,Cotton,United States,2023/24,Est.,Annual,12.07,Million 480 Pound Bales,2025-03-11,12:00:00.0000000,2025,3
658,March 2025,U.S. Cotton Supply and Use,Production,,Cotton,United States,2024/25,Proj.,Annual,14.41,Million 480 Pound Bales,2025-03-11,12:00:00.0000000,2025,3
659,April 2025,U.S. Cotton Supply and Use,Production,,Cotton,United States,2022/23,,Annual,14.47,Million 480 Pound Bales,2025-04-10,12:00:00.0000000,2025,4
659,April 2025,U.S. Cotton Supply and Use,Production,,Cotton,United States,2023/24,Est.,Annual,12.07,Million 480 Pound Bales,2025-04-10,12:00:00.0000000,2025,4
659,April 2025,U.S. Cotton Supply and Use,Production,,Cotton,United States,2024/25,Proj.,Annual,14.41,Million 480 Pound Bales,2025-04-10,12:00:00.0000000,2025,4
660,May 2025,U.S. Cotton Supply and Use,Production,,Cotton,United States,2023/24,,Annual,12.07,Million 480 Pound Bales,2025-05-12,12:00:00.0000000,2025,5
660,May 2025,U.S. Cotton Supply and Use,Production,,Cotton,United States,2024/25,Est.,Annual,14.41,Million 480 Pound Bales,2025-05-12,12:00:00.0000000,2025,5
660,May 2025,U.S. Cotton Supply and Use,Production,,Cotton,United States,2025/26,Proj.,Annual,14.5,Million 480 Pound Bales,2025-05-12,12:00:00.0000000,2025,5
661,June 2025,U.S. Cotton Supply and Use,Production,,Cotton,United States,2023/24,,Annual,12.07,Million 480 Pound Bales,2025-06-12,12:00:00.0000000,2025,6
661,June 2025,U.S. Cotton Supply and Use,Production,,Cotton,United States,2024/25,Est.,Annual,14.41,Million 480 Pound Bales,2025-06-12,12:00:00.0000000,2025,6
661,June 2025,U.S. Cotton Supply and Use,Production,,Cotton,United States,2025/26,Proj.,Annual,14.0,Million 480 Pound Bales,2025-06-12,12:00:00.0000000,2025,6
662,July 2025,U.S. Cotton Supply and Use,Production,,Cotton,United States,2023/24,,Annual,12.07,Million 480 Pound Bales,2025-07-11,12:00:00.0000000,2025,7
662,July 2025,U.S. Cotton Supply and Use,Production,,Cotton,United States,2024/25,Est.,Annual,14.41,Million 480 Pound Bales,2025-07-11,12:00:00.0000000,2025,7
662,July 2025,U.S. Cotton Supply and Use,Production,,Cotton,United States,2025/26,Proj.,Annual,14.6,Million 480 Pound Bales,2025-07-11,12:00:00.0000000,2025,7
663,August 2025,U.S. Cotton Supply and Use,Production,,Cotton,United States,2023/24,,Annual,12.07,Million 480 Pound Bales,2025-08-12,12:00:00.0000000,2025,8
663,August 2025,U.S. Cotton Supply and Use,Production,,Cotton,United States,2024/25,Est.,Annual,14.41,Million 480 Pound Bales,2025-08-12,12:00:00.0000000,2025,8
663,August 2025,U.S. Cotton Supply and Use,Production,,Cotton,United States,2025/26,Proj.,Annual,13.21,Million 480 Pound Bales,2025-08-12,12:00:00.0000000,2025,8
664,September 2025,U.S. Cotton Supply and Use,Production,,Cotton,United States,2023/24,,Annual,12.07,Million 480 Pound Bales,2025-09-12,12:00:00.0000000,2025,9
664,September 2025,U.S. Cotton Supply and Use,Production,,Cotton,United States,2024/25,Est.,Annual,14.41,Million 480 Pound Bales,2025-09-12,12:00:00.0000000,2025,9
664,September 2025,U.S. Cotton Supply and Use,Production,,Cotton,United States,2025/26,Proj.,Annual,13.22,Million 480 Pound Bales,2025-09-12,12:00:00.0000000,2025,9
665,November 2025,U.S. Cotton Supply and Use,Production,,Cotton,United States,2023/24,,Annual,12.07,Million 480 Pound Bales,2025-11-14,12:00:00.0000000,2025,11
665,November 2025,U.S. Cotton Supply and Use,Production,,Cotton,United States,2024/25,Est.,Annual,14.41,Million 480 Pound Bales,2025-11-14,12:00:00.0000000,2025,11
665,November 2025,U.S. Cotton Supply and Use,Production,,Cotton,United States,2025/26,Proj.,Annual,14.12,Million 480 Pound Bales,2025-11-14,12:00:00.0000000,2025,11
666,December 2025,U.S. Cotton Supply and Use,Production,,Cotton,United States,2023/24,,Annual,12.07,Million 480 Pound Bales,2025-12-09,12:00:00.0000000,2025,12
666,December 2025,U.S. Cotton Supply and Use,Production,,Cotton,United States,2024/25,Est.,Annual,14.41,Million 480 Pound Bales,2025-12-09,12:00:00.0000000,2025,12
666,December 2025,U.S. Cotton Supply and Use,Production,,Cotton,United States,2025/26,Proj.,Annual,14.27,Million 480 Pound Bales,2025-12-09,12:00:00.0000000,2025,12
667,January 2026,U.S. Cotton Supply and Use,Production,,Cotton,United States,2023/24,,Annual,12.07,Million 480 Pound Bales,2026-01-12,12:00:00.0000000,2026,1
667,January 2026,U.S. Cotton Supply and Use,Production,,Cotton,United States,2024/25,Est.,Annual,14.41,Million 480 Pound Bales,2026-01-12,12:00:00.0000000,2026,1
667,January 2026,U.S. Cotton Supply and Use,Production,,Cotton,United States,2025/26,Proj.,Annual,13.92,Million 480 Pound Bales,2026-01-12,12:00:00.0000000,2026,1
668,February 2026,U.S. Cotton Supply and Use,Production,,Cotton,United States,2023/24,,Annual,12.07,Million 480 Pound Bales,2026-02-10,12:00:00.0000000,2026,2
668,February 2026,U.S. Cotton Supply and Use,Production,,Cotton,United States,2024/25,Est.,Annual,14.41,Million 480 Pound Bales,2026-02-10,12:00:00.0000000,2026,2
668,February 2026,U.S. Cotton Supply and Use,Production,,Cotton,United States,2025/26,Proj.,Annual,13.92,Million 480 Pound Bales,2026-02-10,12:00:00.0000000,2026,2
669,March 2026,U.S. Cotton Supply and Use,Production,,Cotton,United States,2023/24,,Annual,12.07,Million 480 Pound Bales,2026-03-10,12:00:00.0000000,2026,3
669,March 2026,U.S. Cotton Supply and Use,Production,,Cotton,United States,2024/25,Est.,Annual,14.41,Million 480 Pound Bales,2026-03-10,12:00:00.0000000,2026,3
669,March 2026,U.S. Cotton Supply and Use,Production,,Cotton,United States,2025/26,Proj.,Annual,13.92,Million 480 Pound Bales,2026-03-10,12:00:00.0000000,2026,3
670,April 2026,U.S. Cotton Supply and Use,Production,,Cotton,United States,2023/24,,Annual,12.07,Million 480 Pound Bales,2026-04-09,12:00:00.0000000,2026,4
670,April 2026,U.S. Cotton Supply and Use,Production,,Cotton,United States,2024/25,Est.,Annual,14.41,Million 480 Pound Bales,2026-04-09,12:00:00.0000000,2026,4
670,April 2026,U.S. Cotton Supply and Use,Production,,Cotton,United States,2025/26,Proj.,Annual,13.92,Million 480 Pound Bales,2026-04-09,12:00:00.0000000,2026,4
